{
  "artists" : {
    "href" : "https://api.spotify.com/v1/search?query=duran+duran&type=artist&offset=0&limit=20",
    "items" : [ {
      "external_urls" : {
        "spotify" : "https://open.spotify.com/artist/0lZoBs4Pzo7R89JM9lxwoT"
      },
      "followers" : {
        "href" : null,
        "total" : 1160202
      },
      "genres" : [ "dance rock", "new romantic", "new wave", "new wave pop", "rock", "soft rock", "synthpop" ],
      "href" : "https://api.spotify.com/v1/artists/0lZoBs4Pzo7R89JM9lxwoT",
      "id" : "0lZoBs4Pzo7R89JM9lxwoT",
      "images" : [ {
        "height" : 1000,
        "url" : "https://i.scdn.co/image/2e6d5966dafa119f4a75e7df62ffa163e0d861cd",
        "width" : 1000
      }, {
        "height" : 640,
        "url" : "https://i.scdn.co/image/4189f0e3b7d74c13fae3dea9810e4665235dc4ef",
        "width" : 640
      }, {
        "height" : 200,
        "url" : "https://i.scdn.co/image/8f9cb6c496286cb24855e3d2cf57df4da0a55b9f",
        "width" : 200
      }, {
        "height" : 64,
        "url" : "https://i.scdn.co/image/a02747bd3dd58d89752903a767117cb3eb928836",
        "width" : 64
      } ],
      "name" : "Duran Duran",
      "popularity" : 70,
      "type" : "artist",
      "uri" : "spotify:artist:0lZoBs4Pzo7R89JM9lxwoT"
    }, {
      "external_urls" : {
        "spotify" : "https://open.spotify.com/artist/24VUJbr0R77uc4by6MgLxU"
      },
      "followers" : {
        "href" : null,
        "total" : 31356
      },
      "genres" : [ "reggaeton flow" ],
      "href" : "https://api.spotify.com/v1/artists/24VUJbr0R77uc4by6MgLxU",
      "id" : "24VUJbr0R77uc4by6MgLxU",
      "images" : [ {
        "height" : 640,
        "url" : "https://i.scdn.co/image/284d9c5d6b2191ce7d4674ba73243ae3e5cfda4c",
        "width" : 640
      }, {
        "height" : 320,
        "url" : "https://i.scdn.co/image/6c74e43a13fe0da3a55bdc695342172bef7938ce",
        "width" : 320
      }, {
        "height" : 160,
        "url" : "https://i.scdn.co/image/c0e66f3c3172e50945c99b99c698ec37e04abf2c",
        "width" : 160
      } ],
      "name" : "Mike Duran",
      "popularity" : 44,
      "type" : "artist",
      "uri" : "spotify:artist:24VUJbr0R77uc4by6MgLxU"
    }, {
      "external_urls" : {
        "spotify" : "https://open.spotify.com/artist/43XZMMZbz8UlLt5kPcWIb8"
      },
      "followers" : {
        "href" : null,
        "total" : 300
      },
      "genres" : [ ],
      "href" : "https://api.spotify.com/v1/artists/43XZMMZbz8UlLt5kPcWIb8",
      "id" : "43XZMMZbz8UlLt5kPcWIb8",
      "images" : [ {
        "height" : 640,
        "url" : "https://i.scdn.co/image/895103aa18fa87c384eab0c2b1af85a3d91be59c",
        "width" : 640
      }, {
        "height" : 320,
        "url" : "https://i.scdn.co/image/f64dab950f99991e1815c96302476ea3e6d834e6",
        "width" : 320
      }, {
        "height" : 160,
        "url" : "https://i.scdn.co/image/afca958277eb908e0816827985f792df023818ef",
        "width" : 160
      } ],
      "name" : "Jorge Duran Dj",
      "popularity" : 42,
      "type" : "artist",
      "uri" : "spotify:artist:43XZMMZbz8UlLt5kPcWIb8"
    }, {
      "external_urls" : {
        "spotify" : "https://open.spotify.com/artist/3pdwvqKNXC6mz3b0KpfUvA"
      },
      "followers" : {
        "href" : null,
        "total" : 1136
      },
      "genres" : [ ],
      "href" : "https://api.spotify.com/v1/artists/3pdwvqKNXC6mz3b0KpfUvA",
      "id" : "3pdwvqKNXC6mz3b0KpfUvA",
      "images" : [ {
        "height" : 640,
        "url" : "https://i.scdn.co/image/8c50399e49c76b18086c2cf6da9e56f13c13402d",
        "width" : 640
      }, {
        "height" : 320,
        "url" : "https://i.scdn.co/image/85669aa943a3410f4062c82db0a04cb329cd56f7",
        "width" : 320
      }, {
        "height" : 160,
        "url" : "https://i.scdn.co/image/47a9538eeba2f87ebbd19c5bc8db9000e13b05d4",
        "width" : 160
      } ],
      "name" : "Duran The Coach",
      "popularity" : 45,
      "type" : "artist",
      "uri" : "spotify:artist:3pdwvqKNXC6mz3b0KpfUvA"
    }, {
      "external_urls" : {
        "spotify" : "https://open.spotify.com/artist/0KCFOKzp00XyfDfD1cOzOv"
      },
      "followers" : {
        "href" : null,
        "total" : 149
      },
      "genres" : [ ],
      "href" : "https://api.spotify.com/v1/artists/0KCFOKzp00XyfDfD1cOzOv",
      "id" : "0KCFOKzp00XyfDfD1cOzOv",
      "images" : [ {
        "height" : 640,
        "url" : "https://i.scdn.co/image/80a2d3f5cdc5799ac5d93d97107989b9a639c785",
        "width" : 640
      }, {
        "height" : 300,
        "url" : "https://i.scdn.co/image/8b45035cb95fa36683b914c4ba81ec46c6849fa1",
        "width" : 300
      }, {
        "height" : 64,
        "url" : "https://i.scdn.co/image/e0e95b7e4979412322252f2ea3ce699bb37d2c00",
        "width" : 64
      } ],
      "name" : "DJ Jeff Duran",
      "popularity" : 30,
      "type" : "artist",
      "uri" : "spotify:artist:0KCFOKzp00XyfDfD1cOzOv"
    }, {
      "external_urls" : {
        "spotify" : "https://open.spotify.com/artist/7LStVfCuME8F2Apl1gpvfG"
      },
      "followers" : {
        "href" : null,
        "total" : 311
      },
      "genres" : [ ],
      "href" : "https://api.spotify.com/v1/artists/7LStVfCuME8F2Apl1gpvfG",
      "id" : "7LStVfCuME8F2Apl1gpvfG",
      "images" : [ {
        "height" : 640,
        "url" : "https://i.scdn.co/image/cc6becaf90df48117f53add8a8a6a27242b53416",
        "width" : 640
      }, {
        "height" : 320,
        "url" : "https://i.scdn.co/image/e0a7aee45ada6ca33f05b7aa8257fd8701a7a2ef",
        "width" : 320
      }, {
        "height" : 160,
        "url" : "https://i.scdn.co/image/ef02cc44451c2e835cd9596f72b80f0ca710946e",
        "width" : 160
      } ],
      "name" : "Charlie Duran",
      "popularity" : 26,
      "type" : "artist",
      "uri" : "spotify:artist:7LStVfCuME8F2Apl1gpvfG"
    }, {
      "external_urls" : {
        "spotify" : "https://open.spotify.com/artist/0N8kOoceUhHFL16Rhe5rvb"
      },
      "followers" : {
        "href" : null,
        "total" : 8296
      },
      "genres" : [ "bachata" ],
      "href" : "https://api.spotify.com/v1/artists/0N8kOoceUhHFL16Rhe5rvb",
      "id" : "0N8kOoceUhHFL16Rhe5rvb",
      "images" : [ {
        "height" : 640,
        "url" : "https://i.scdn.co/image/25eb8138b9b788fb50330738e5f29dad3d5dbb82",
        "width" : 640
      }, {
        "height" : 300,
        "url" : "https://i.scdn.co/image/1a2b277fe365631032fbcc5c36a0e8d85b034052",
        "width" : 300
      }, {
        "height" : 64,
        "url" : "https://i.scdn.co/image/ed350cfdd7d923ff2e334c1c801637f38496733a",
        "width" : 64
      } ],
      "name" : "Blas Duran",
      "popularity" : 25,
      "type" : "artist",
      "uri" : "spotify:artist:0N8kOoceUhHFL16Rhe5rvb"
    }, {
      "external_urls" : {
        "spotify" : "https://open.spotify.com/artist/6J5DvhqOWQlM4RcdzePXEZ"
      },
      "followers" : {
        "href" : null,
        "total" : 10890
      },
      "genres" : [ "spanish pop" ],
      "href" : "https://api.spotify.com/v1/artists/6J5DvhqOWQlM4RcdzePXEZ",
      "id" : "6J5DvhqOWQlM4RcdzePXEZ",
      "images" : [ {
        "height" : 640,
        "url" : "https://i.scdn.co/image/46cbf3d2b265e5cc1c2346779044b3d9e484e689",
        "width" : 640
      }, {
        "height" : 320,
        "url" : "https://i.scdn.co/image/911120f26d4c203b9ab2fd3a32fb438b58ee4644",
        "width" : 320
      }, {
        "height" : 160,
        "url" : "https://i.scdn.co/image/b01f16bc08facb3da2d7aa13683a9db01959fb10",
        "width" : 160
      } ],
      "name" : "Tutto Duran",
      "popularity" : 50,
      "type" : "artist",
      "uri" : "spotify:artist:6J5DvhqOWQlM4RcdzePXEZ"
    }, {
      "external_urls" : {
        "spotify" : "https://open.spotify.com/artist/66o03h6sqqOvvOP5koibR2"
      },
      "followers" : {
        "href" : null,
        "total" : 21
      },
      "genres" : [ ],
      "href" : "https://api.spotify.com/v1/artists/66o03h6sqqOvvOP5koibR2",
      "id" : "66o03h6sqqOvvOP5koibR2",
      "images" : [ {
        "height" : 640,
        "url" : "https://i.scdn.co/image/f9d87f86c59cb51e2120b2ccaea4e55e8a4bd81e",
        "width" : 640
      }, {
        "height" : 300,
        "url" : "https://i.scdn.co/image/a2a9f5c886000c982a186a8fd9101f6990f41025",
        "width" : 300
      }, {
        "height" : 64,
        "url" : "https://i.scdn.co/image/440e86616f40846943b4d0817b427ba424cfba57",
        "width" : 64
      } ],
      "name" : "Maria Duran",
      "popularity" : 21,
      "type" : "artist",
      "uri" : "spotify:artist:66o03h6sqqOvvOP5koibR2"
    }, {
      "external_urls" : {
        "spotify" : "https://open.spotify.com/artist/0W0qg2fjQVk63h44Zdn4hI"
      },
      "followers" : {
        "href" : null,
        "total" : 73004
      },
      "genres" : [ "deep turkish pop", "turkish pop" ],
      "href" : "https://api.spotify.com/v1/artists/0W0qg2fjQVk63h44Zdn4hI",
      "id" : "0W0qg2fjQVk63h44Zdn4hI",
      "images" : [ {
        "height" : 640,
        "url" : "https://i.scdn.co/image/801b9a7c0e26ac8e8ae965145ad759dd5a1ff32a",
        "width" : 640
      }, {
        "height" : 300,
        "url" : "https://i.scdn.co/image/b20a6cba1a5e6ea9e3e858818f0a400ba51202d0",
        "width" : 300
      }, {
        "height" : 64,
        "url" : "https://i.scdn.co/image/2b6949c47d48df8b017cc3d46bf508e36486caed",
        "width" : 64
      } ],
      "name" : "Bora Duran",
      "popularity" : 55,
      "type" : "artist",
      "uri" : "spotify:artist:0W0qg2fjQVk63h44Zdn4hI"
    }, {
      "external_urls" : {
        "spotify" : "https://open.spotify.com/artist/6PIl48ctj6HDmqVM2uIikd"
      },
      "followers" : {
        "href" : null,
        "total" : 2039
      },
      "genres" : [ "dominican indie", "fluxwork" ],
      "href" : "https://api.spotify.com/v1/artists/6PIl48ctj6HDmqVM2uIikd",
      "id" : "6PIl48ctj6HDmqVM2uIikd",
      "images" : [ {
        "height" : 640,
        "url" : "https://i.scdn.co/image/e4d43514c8f4c0b1cc2ecbfc50450dfc9eb75a32",
        "width" : 640
      }, {
        "height" : 300,
        "url" : "https://i.scdn.co/image/74852a04d7805ea1295adc5cbfdb58b8e487ccf9",
        "width" : 300
      }, {
        "height" : 64,
        "url" : "https://i.scdn.co/image/b1e79d76a9c58adcf4a151ea78e253e3772f011f",
        "width" : 64
      } ],
      "name" : "Kelman Duran",
      "popularity" : 29,
      "type" : "artist",
      "uri" : "spotify:artist:6PIl48ctj6HDmqVM2uIikd"
    }, {
      "external_urls" : {
        "spotify" : "https://open.spotify.com/artist/6iJQig7Yd3bRTkzKoOd7fy"
      },
      "followers" : {
        "href" : null,
        "total" : 71
      },
      "genres" : [ ],
      "href" : "https://api.spotify.com/v1/artists/6iJQig7Yd3bRTkzKoOd7fy",
      "id" : "6iJQig7Yd3bRTkzKoOd7fy",
      "images" : [ {
        "height" : 640,
        "url" : "https://i.scdn.co/image/a3732c707b5e195fe26e5b86c1dcd094e3e9a05e",
        "width" : 640
      }, {
        "height" : 320,
        "url" : "https://i.scdn.co/image/abe29e3cb92ee0e2db8a7fd4ae913dc316530386",
        "width" : 320
      }, {
        "height" : 160,
        "url" : "https://i.scdn.co/image/66a514200659e5e188ce8a26cabb6237f6268a89",
        "width" : 160
      } ],
      "name" : "Syd Duran",
      "popularity" : 20,
      "type" : "artist",
      "uri" : "spotify:artist:6iJQig7Yd3bRTkzKoOd7fy"
    }, {
      "external_urls" : {
        "spotify" : "https://open.spotify.com/artist/2S9I0mjyHjqfaeHjQdonRx"
      },
      "followers" : {
        "href" : null,
        "total" : 353
      },
      "genres" : [ "dance rock", "new romantic", "new wave" ],
      "href" : "https://api.spotify.com/v1/artists/2S9I0mjyHjqfaeHjQdonRx",
      "id" : "2S9I0mjyHjqfaeHjQdonRx",
      "images" : [ {
        "height" : 640,
        "url" : "https://i.scdn.co/image/948c81a887f3a166cc5040ed633bd9163d33f634",
        "width" : 640
      }, {
        "height" : 300,
        "url" : "https://i.scdn.co/image/51a2eb92bf8782dd576761029001b6ec1294c2b8",
        "width" : 300
      }, {
        "height" : 64,
        "url" : "https://i.scdn.co/image/59db2424072c2f95a2ee050aab02ca57aacd19a1",
        "width" : 64
      } ],
      "name" : "Duran",
      "popularity" : 33,
      "type" : "artist",
      "uri" : "spotify:artist:2S9I0mjyHjqfaeHjQdonRx"
    }, {
      "external_urls" : {
        "spotify" : "https://open.spotify.com/artist/0h9C23CSN1jPNVCgAUcMiZ"
      },
      "followers" : {
        "href" : null,
        "total" : 2361
      },
      "genres" : [ ],
      "href" : "https://api.spotify.com/v1/artists/0h9C23CSN1jPNVCgAUcMiZ",
      "id" : "0h9C23CSN1jPNVCgAUcMiZ",
      "images" : [ {
        "height" : 640,
        "url" : "https://i.scdn.co/image/7b1eb8029abbd4437e11b6a25cfcec6db273c5e2",
        "width" : 640
      }, {
        "height" : 320,
        "url" : "https://i.scdn.co/image/9b0e7f7efd1270b6fc2485e876bce234786164b5",
        "width" : 320
      }, {
        "height" : 160,
        "url" : "https://i.scdn.co/image/86e71e9478e4f1439958162231e114ea8d81b480",
        "width" : 160
      } ],
      "name" : "Duran",
      "popularity" : 30,
      "type" : "artist",
      "uri" : "spotify:artist:0h9C23CSN1jPNVCgAUcMiZ"
    }, {
      "external_urls" : {
        "spotify" : "https://open.spotify.com/artist/1Y6F5MclpTpxzLKUNwu0Rb"
      },
      "followers" : {
        "href" : null,
        "total" : 20736
      },
      "genres" : [ "cumbia", "vallenato" ],
      "href" : "https://api.spotify.com/v1/artists/1Y6F5MclpTpxzLKUNwu0Rb",
      "id" : "1Y6F5MclpTpxzLKUNwu0Rb",
      "images" : [ {
        "height" : 640,
        "url" : "https://i.scdn.co/image/94df4eea6fcae03cc4101561a3d6cdc8475b0231",
        "width" : 640
      }, {
        "height" : 300,
        "url" : "https://i.scdn.co/image/b8c7526694ab90c3fdd9aa8f2d6111485ca85ba5",
        "width" : 300
      }, {
        "height" : 64,
        "url" : "https://i.scdn.co/image/6cc7508fb04ed2488eb85dd961cf8f3b7f20f572",
        "width" : 64
      } ],
      "name" : "Alejo Duran",
      "popularity" : 23,
      "type" : "artist",
      "uri" : "spotify:artist:1Y6F5MclpTpxzLKUNwu0Rb"
    }, {
      "external_urls" : {
        "spotify" : "https://open.spotify.com/artist/4TFB2asL37p5rd7ZAuBkop"
      },
      "followers" : {
        "href" : null,
        "total" : 976
      },
      "genres" : [ "latin jazz" ],
      "href" : "https://api.spotify.com/v1/artists/4TFB2asL37p5rd7ZAuBkop",
      "id" : "4TFB2asL37p5rd7ZAuBkop",
      "images" : [ {
        "height" : 640,
        "url" : "https://i.scdn.co/image/4050903c83ee07fcc140b9b555d7e978cff557a5",
        "width" : 640
      }, {
        "height" : 320,
        "url" : "https://i.scdn.co/image/aad8d9d60d21074b7eefb436be1e19806fd3e331",
        "width" : 320
      }, {
        "height" : 160,
        "url" : "https://i.scdn.co/image/9e94158a2c8e27353359dea36ffb6e6f1f6d323d",
        "width" : 160
      } ],
      "name" : "Hilario Duran",
      "popularity" : 22,
      "type" : "artist",
      "uri" : "spotify:artist:4TFB2asL37p5rd7ZAuBkop"
    }, {
      "external_urls" : {
        "spotify" : "https://open.spotify.com/artist/34MmLK8qhpf5Q0BfxXs7UR"
      },
      "followers" : {
        "href" : null,
        "total" : 16
      },
      "genres" : [ ],
      "href" : "https://api.spotify.com/v1/artists/34MmLK8qhpf5Q0BfxXs7UR",
      "id" : "34MmLK8qhpf5Q0BfxXs7UR",
      "images" : [ {
        "height" : 640,
        "url" : "https://i.scdn.co/image/8d818772d26d5ff3fbf2db73c61ffef3f2491da4",
        "width" : 640
      }, {
        "height" : 300,
        "url" : "https://i.scdn.co/image/a6a8da0cebc165a75bfd50a71dfeb1d2ff2eee12",
        "width" : 300
      }, {
        "height" : 64,
        "url" : "https://i.scdn.co/image/3c60f866ef9a9682cc19031f45d39961d7c7f2a1",
        "width" : 64
      } ],
      "name" : "Grupo Elias Duran",
      "popularity" : 19,
      "type" : "artist",
      "uri" : "spotify:artist:34MmLK8qhpf5Q0BfxXs7UR"
    }, {
      "external_urls" : {
        "spotify" : "https://open.spotify.com/artist/0zaS8xisc5mx9VLD4ui72c"
      },
      "followers" : {
        "href" : null,
        "total" : 55
      },
      "genres" : [ ],
      "href" : "https://api.spotify.com/v1/artists/0zaS8xisc5mx9VLD4ui72c",
      "id" : "0zaS8xisc5mx9VLD4ui72c",
      "images" : [ {
        "height" : 640,
        "url" : "https://i.scdn.co/image/3d5eac378d7fd5a0d918d2d45a6ab10ca682cd1c",
        "width" : 640
      }, {
        "height" : 320,
        "url" : "https://i.scdn.co/image/2a4f796bfff0c28b5ca30cc00131a3e575f57314",
        "width" : 320
      }, {
        "height" : 160,
        "url" : "https://i.scdn.co/image/f6249087cd2c3ffd8cb3aa5413c6e957a25df951",
        "width" : 160
      } ],
      "name" : "Jay Duran",
      "popularity" : 18,
      "type" : "artist",
      "uri" : "spotify:artist:0zaS8xisc5mx9VLD4ui72c"
    }, {
      "external_urls" : {
        "spotify" : "https://open.spotify.com/artist/1cuygaMWRUavQ2vfL4v5ex"
      },
      "followers" : {
        "href" : null,
        "total" : 25683
      },
      "genres" : [ "brazilian gospel" ],
      "href" : "https://api.spotify.com/v1/artists/1cuygaMWRUavQ2vfL4v5ex",
      "id" : "1cuygaMWRUavQ2vfL4v5ex",
      "images" : [ {
        "height" : 640,
        "url" : "https://i.scdn.co/image/f8ae956d37360e10f6bd7e0a2523c6c760f122cd",
        "width" : 640
      }, {
        "height" : 320,
        "url" : "https://i.scdn.co/image/287ee289a8c09f988e6c783e6c24310886d4f273",
        "width" : 320
      }, {
        "height" : 160,
        "url" : "https://i.scdn.co/image/13fad0dac2eeb6b102d83a38df8910ade3df8f4c",
        "width" : 160
      } ],
      "name" : "Chris Duran",
      "popularity" : 37,
      "type" : "artist",
      "uri" : "spotify:artist:1cuygaMWRUavQ2vfL4v5ex"
    }, {
      "external_urls" : {
        "spotify" : "https://open.spotify.com/artist/1YgmYVzgbfn2EN0EQtdUqR"
      },
      "followers" : {
        "href" : null,
        "total" : 1980
      },
      "genres" : [ "porro" ],
      "href" : "https://api.spotify.com/v1/artists/1YgmYVzgbfn2EN0EQtdUqR",
      "id" : "1YgmYVzgbfn2EN0EQtdUqR",
      "images" : [ {
        "height" : 640,
        "url" : "https://i.scdn.co/image/56cf5ef5672ae97b94c49affe9c7fd780a1ee1f2",
        "width" : 640
      }, {
        "height" : 300,
        "url" : "https://i.scdn.co/image/582c02cf03ffd4f8baaa6dedadd9a2fc26e33e15",
        "width" : 300
      }, {
        "height" : 64,
        "url" : "https://i.scdn.co/image/8332e7dabe4b62f118abdf32660431ab99774993",
        "width" : 64
      } ],
      "name" : "Alejandro Duran Y Su Conjunto",
      "popularity" : 15,
      "type" : "artist",
      "uri" : "spotify:artist:1YgmYVzgbfn2EN0EQtdUqR"
    } ],
    "limit" : 20,
    "next" : "https://api.spotify.com/v1/search?query=duran+duran&type=artist&offset=20&limit=20",
    "offset" : 0,
    "previous" : null,
    "total" : 430
  }
}