{
  "tracks" : {
    "href" : "https://api.spotify.com/v1/search?query=Rhianna&type=track&offset=0&limit=20",
    "items" : [ {
      "album" : {
        "album_type" : "single",
        "artists" : [ {
          "external_urls" : {
            "spotify" : "https://open.spotify.com/artist/5Cc1DGu1DTgyHo51pdaG8z"
          },
          "href" : "https://api.spotify.com/v1/artists/5Cc1DGu1DTgyHo51pdaG8z",
          "id" : "5Cc1DGu1DTgyHo51pdaG8z",
          "name" : "BH",
          "type" : "artist",
          "uri" : "spotify:artist:5Cc1DGu1DTgyHo51pdaG8z"
        } ],
        "available_markets" : [ "AD", "AE", "AR", "AT", "AU", "BE", "BG", "BH", "BO", "BR", "CA", "CH", "CL", "CO", "CR", "CY", "CZ", "DE", "DK", "DO", "DZ", "EC", "EE", "EG", "ES", "FI", "FR", "GB", "GR", "GT", "HK", "HN", "HU", "ID", "IE", "IL", "IN", "IS", "IT", "JO", "JP", "KW", "LB", "LI", "LT", "LU", "LV", "MA", "MC", "MT", "MX", "MY", "NI", "NL", "NO", "NZ", "OM", "PA", "PE", "PH", "PL", "PS", "PT", "PY", "QA", "RO", "SA", "SE", "SG", "SK", "SV", "TH", "TN", "TR", "TW", "US", "UY", "VN", "ZA" ],
        "external_urls" : {
          "spotify" : "https://open.spotify.com/album/5VernYOyFdBlTEuWD24BBm"
        },
        "href" : "https://api.spotify.com/v1/albums/5VernYOyFdBlTEuWD24BBm",
        "id" : "5VernYOyFdBlTEuWD24BBm",
        "images" : [ {
          "height" : 600,
          "url" : "https://i.scdn.co/image/70055d979359dc5de1056128096cb1c52f35ba34",
          "width" : 600
        }, {
          "height" : 300,
          "url" : "https://i.scdn.co/image/20542c441591e3e3834baa6f5f1598ad6d052eb8",
          "width" : 300
        }, {
          "height" : 64,
          "url" : "https://i.scdn.co/image/80c027c57cd2c2b9af8f74d0da9b0b0da2fd199b",
          "width" : 64
        } ],
        "name" : "No One Like You (feat. Rhianna Emms)",
        "release_date" : "2019-03-15",
        "release_date_precision" : "day",
        "total_tracks" : 1,
        "type" : "album",
        "uri" : "spotify:album:5VernYOyFdBlTEuWD24BBm"
      },
      "artists" : [ {
        "external_urls" : {
          "spotify" : "https://open.spotify.com/artist/5Cc1DGu1DTgyHo51pdaG8z"
        },
        "href" : "https://api.spotify.com/v1/artists/5Cc1DGu1DTgyHo51pdaG8z",
        "id" : "5Cc1DGu1DTgyHo51pdaG8z",
        "name" : "BH",
        "type" : "artist",
        "uri" : "spotify:artist:5Cc1DGu1DTgyHo51pdaG8z"
      }, {
        "external_urls" : {
          "spotify" : "https://open.spotify.com/artist/5hC2tDklrs5dvsVgfAMHwQ"
        },
        "href" : "https://api.spotify.com/v1/artists/5hC2tDklrs5dvsVgfAMHwQ",
        "id" : "5hC2tDklrs5dvsVgfAMHwQ",
        "name" : "Rhianna Emms",
        "type" : "artist",
        "uri" : "spotify:artist:5hC2tDklrs5dvsVgfAMHwQ"
      } ],
      "available_markets" : [ "AD", "AE", "AR", "AT", "AU", "BE", "BG", "BH", "BO", "BR", "CA", "CH", "CL", "CO", "CR", "CY", "CZ", "DE", "DK", "DO", "DZ", "EC", "EE", "EG", "ES", "FI", "FR", "GB", "GR", "GT", "HK", "HN", "HU", "ID", "IE", "IL", "IN", "IS", "IT", "JO", "JP", "KW", "LB", "LI", "LT", "LU", "LV", "MA", "MC", "MT", "MX", "MY", "NI", "NL", "NO", "NZ", "OM", "PA", "PE", "PH", "PL", "PS", "PT", "PY", "QA", "RO", "SA", "SE", "SG", "SK", "SV", "TH", "TN", "TR", "TW", "US", "UY", "VN", "ZA" ],
      "disc_number" : 1,
      "duration_ms" : 199253,
      "explicit" : false,
      "external_ids" : {
        "isrc" : "QZ5FN1960240"
      },
      "external_urls" : {
        "spotify" : "https://open.spotify.com/track/0mVLxmAA9100ZYtjAigMYY"
      },
      "href" : "https://api.spotify.com/v1/tracks/0mVLxmAA9100ZYtjAigMYY",
      "id" : "0mVLxmAA9100ZYtjAigMYY",
      "is_local" : false,
      "name" : "No One Like You",
      "popularity" : 34,
      "preview_url" : "https://p.scdn.co/mp3-preview/35d87cfff72f9ac9d4ca08b3d8d269bbd1ccd2d3?cid=9697a3a271d24deea38f8b7fbfa0e13c",
      "track_number" : 1,
      "type" : "track",
      "uri" : "spotify:track:0mVLxmAA9100ZYtjAigMYY"
    }, {
      "album" : {
        "album_type" : "album",
        "artists" : [ {
          "external_urls" : {
            "spotify" : "https://open.spotify.com/artist/5bHjVR4F2Tfq4Ha6x7K6wU"
          },
          "href" : "https://api.spotify.com/v1/artists/5bHjVR4F2Tfq4Ha6x7K6wU",
          "id" : "5bHjVR4F2Tfq4Ha6x7K6wU",
          "name" : "Rockabye Baby!",
          "type" : "artist",
          "uri" : "spotify:artist:5bHjVR4F2Tfq4Ha6x7K6wU"
        } ],
        "available_markets" : [ "AD", "AE", "AR", "AT", "AU", "BE", "BG", "BH", "BO", "BR", "CA", "CH", "CL", "CO", "CR", "CY", "CZ", "DE", "DK", "DO", "DZ", "EC", "EE", "EG", "ES", "FI", "FR", "GB", "GR", "GT", "HK", "HN", "HU", "ID", "IE", "IL", "IN", "IS", "IT", "JO", "JP", "KW", "LB", "LI", "LT", "LU", "LV", "MA", "MC", "MT", "MX", "MY", "NI", "NL", "NO", "NZ", "OM", "PA", "PE", "PH", "PL", "PS", "PT", "PY", "QA", "RO", "SA", "SE", "SG", "SK", "SV", "TH", "TN", "TR", "TW", "US", "UY", "VN", "ZA" ],
        "external_urls" : {
          "spotify" : "https://open.spotify.com/album/3RrRW8eRpWdP4zw0LtMH5f"
        },
        "href" : "https://api.spotify.com/v1/albums/3RrRW8eRpWdP4zw0LtMH5f",
        "id" : "3RrRW8eRpWdP4zw0LtMH5f",
        "images" : [ {
          "height" : 640,
          "url" : "https://i.scdn.co/image/0b7717c4e6a8ee12b9427cf5c88c144074a9ece3",
          "width" : 640
        }, {
          "height" : 300,
          "url" : "https://i.scdn.co/image/0a399721c662d95b663cba682d8250164a3c352a",
          "width" : 300
        }, {
          "height" : 64,
          "url" : "https://i.scdn.co/image/00042b81ff7bac5e589d23a43cef262600a1796d",
          "width" : 64
        } ],
        "name" : "Good Baby, Bad Baby",
        "release_date" : "2014-06-24",
        "release_date_precision" : "day",
        "total_tracks" : 13,
        "type" : "album",
        "uri" : "spotify:album:3RrRW8eRpWdP4zw0LtMH5f"
      },
      "artists" : [ {
        "external_urls" : {
          "spotify" : "https://open.spotify.com/artist/5bHjVR4F2Tfq4Ha6x7K6wU"
        },
        "href" : "https://api.spotify.com/v1/artists/5bHjVR4F2Tfq4Ha6x7K6wU",
        "id" : "5bHjVR4F2Tfq4Ha6x7K6wU",
        "name" : "Rockabye Baby!",
        "type" : "artist",
        "uri" : "spotify:artist:5bHjVR4F2Tfq4Ha6x7K6wU"
      } ],
      "available_markets" : [ "AD", "AE", "AR", "AT", "AU", "BE", "BG", "BH", "BO", "BR", "CA", "CH", "CL", "CO", "CR", "CY", "CZ", "DE", "DK", "DO", "DZ", "EC", "EE", "EG", "ES", "FI", "FR", "GB", "GR", "GT", "HK", "HN", "HU", "ID", "IE", "IL", "IN", "IS", "IT", "JO", "JP", "KW", "LB", "LI", "LT", "LU", "LV", "MA", "MC", "MT", "MX", "MY", "NI", "NL", "NO", "NZ", "OM", "PA", "PE", "PH", "PL", "PS", "PT", "PY", "QA", "RO", "SA", "SE", "SG", "SK", "SV", "TH", "TN", "TR", "TW", "US", "UY", "VN", "ZA" ],
      "disc_number" : 1,
      "duration_ms" : 185866,
      "explicit" : false,
      "external_ids" : {
        "isrc" : "USEWC1489046"
      },
      "external_urls" : {
        "spotify" : "https://open.spotify.com/track/2w1fqMwFeEBFuBF23iTKrc"
      },
      "href" : "https://api.spotify.com/v1/tracks/2w1fqMwFeEBFuBF23iTKrc",
      "id" : "2w1fqMwFeEBFuBF23iTKrc",
      "is_local" : false,
      "name" : "Love the Way You Lie (Lullaby Rendition of Eminem & Rhianna)",
      "popularity" : 25,
      "preview_url" : "https://p.scdn.co/mp3-preview/7845bdeebd7a543efdccf918ac1ca410fe851ec1?cid=9697a3a271d24deea38f8b7fbfa0e13c",
      "track_number" : 12,
      "type" : "track",
      "uri" : "spotify:track:2w1fqMwFeEBFuBF23iTKrc"
    }, {
      "album" : {
        "album_type" : "album",
        "artists" : [ {
          "external_urls" : {
            "spotify" : "https://open.spotify.com/artist/2auEAb36qVXMKSmlNzgPrq"
          },
          "href" : "https://api.spotify.com/v1/artists/2auEAb36qVXMKSmlNzgPrq",
          "id" : "2auEAb36qVXMKSmlNzgPrq",
          "name" : "Amoneymuzic",
          "type" : "artist",
          "uri" : "spotify:artist:2auEAb36qVXMKSmlNzgPrq"
        } ],
        "available_markets" : [ "AD", "AE", "AR", "AT", "AU", "BE", "BG", "BH", "BO", "BR", "CA", "CH", "CL", "CO", "CR", "CY", "CZ", "DE", "DK", "DO", "DZ", "EC", "EE", "EG", "ES", "FI", "FR", "GB", "GR", "GT", "HK", "HN", "HU", "ID", "IE", "IL", "IN", "IS", "IT", "JO", "JP", "KW", "LB", "LI", "LT", "LU", "LV", "MA", "MC", "MT", "MX", "MY", "NI", "NL", "NO", "NZ", "OM", "PA", "PE", "PH", "PL", "PS", "PT", "PY", "QA", "RO", "SA", "SE", "SG", "SK", "SV", "TH", "TN", "TR", "TW", "US", "UY", "VN", "ZA" ],
        "external_urls" : {
          "spotify" : "https://open.spotify.com/album/4wZzubqXT6Rq0rMVDmIqPu"
        },
        "href" : "https://api.spotify.com/v1/albums/4wZzubqXT6Rq0rMVDmIqPu",
        "id" : "4wZzubqXT6Rq0rMVDmIqPu",
        "images" : [ {
          "height" : 640,
          "url" : "https://i.scdn.co/image/76399aac40485a566b0ff4f278460b5b868fb0ff",
          "width" : 640
        }, {
          "height" : 300,
          "url" : "https://i.scdn.co/image/521fa14a063fabb1bf597b3b5d537b501fdd61ca",
          "width" : 300
        }, {
          "height" : 64,
          "url" : "https://i.scdn.co/image/9df6e04c85ab4fd03685cdf40c7624038a3aa10d",
          "width" : 64
        } ],
        "name" : "Who Is... A-Money",
        "release_date" : "2010-04-20",
        "release_date_precision" : "day",
        "total_tracks" : 16,
        "type" : "album",
        "uri" : "spotify:album:4wZzubqXT6Rq0rMVDmIqPu"
      },
      "artists" : [ {
        "external_urls" : {
          "spotify" : "https://open.spotify.com/artist/2auEAb36qVXMKSmlNzgPrq"
        },
        "href" : "https://api.spotify.com/v1/artists/2auEAb36qVXMKSmlNzgPrq",
        "id" : "2auEAb36qVXMKSmlNzgPrq",
        "name" : "Amoneymuzic",
        "type" : "artist",
        "uri" : "spotify:artist:2auEAb36qVXMKSmlNzgPrq"
      }, {
        "external_urls" : {
          "spotify" : "https://open.spotify.com/artist/3OX6405VOU6LGOk1TTBnM3"
        },
        "href" : "https://api.spotify.com/v1/artists/3OX6405VOU6LGOk1TTBnM3",
        "id" : "3OX6405VOU6LGOk1TTBnM3",
        "name" : "Rhianna Nicole",
        "type" : "artist",
        "uri" : "spotify:artist:3OX6405VOU6LGOk1TTBnM3"
      } ],
      "available_markets" : [ "AD", "AE", "AR", "AT", "AU", "BE", "BG", "BH", "BO", "BR", "CA", "CH", "CL", "CO", "CR", "CY", "CZ", "DE", "DK", "DO", "DZ", "EC", "EE", "EG", "ES", "FI", "FR", "GB", "GR", "GT", "HK", "HN", "HU", "ID", "IE", "IL", "IN", "IS", "IT", "JO", "JP", "KW", "LB", "LI", "LT", "LU", "LV", "MA", "MC", "MT", "MX", "MY", "NI", "NL", "NO", "NZ", "OM", "PA", "PE", "PH", "PL", "PS", "PT", "PY", "QA", "RO", "SA", "SE", "SG", "SK", "SV", "TH", "TN", "TR", "TW", "US", "UY", "VN", "ZA" ],
      "disc_number" : 1,
      "duration_ms" : 313613,
      "explicit" : true,
      "external_ids" : {
        "isrc" : "USUYG1222177"
      },
      "external_urls" : {
        "spotify" : "https://open.spotify.com/track/0OArzMdECdyuZhPrfsn7EZ"
      },
      "href" : "https://api.spotify.com/v1/tracks/0OArzMdECdyuZhPrfsn7EZ",
      "id" : "0OArzMdECdyuZhPrfsn7EZ",
      "is_local" : false,
      "name" : "Now Breathe (feat. Rhianna Nicole)",
      "popularity" : 10,
      "preview_url" : "https://p.scdn.co/mp3-preview/c10dd114f32effa132fb3aaf2a93e3fe5502651e?cid=9697a3a271d24deea38f8b7fbfa0e13c",
      "track_number" : 10,
      "type" : "track",
      "uri" : "spotify:track:0OArzMdECdyuZhPrfsn7EZ"
    }, {
      "album" : {
        "album_type" : "album",
        "artists" : [ {
          "external_urls" : {
            "spotify" : "https://open.spotify.com/artist/2vnlhEYTh2K1O3NZE2ONiz"
          },
          "href" : "https://api.spotify.com/v1/artists/2vnlhEYTh2K1O3NZE2ONiz",
          "id" : "2vnlhEYTh2K1O3NZE2ONiz",
          "name" : "J:Kenzo",
          "type" : "artist",
          "uri" : "spotify:artist:2vnlhEYTh2K1O3NZE2ONiz"
        } ],
        "available_markets" : [ "AD", "AE", "AR", "AT", "AU", "BE", "BG", "BH", "BO", "BR", "CA", "CH", "CL", "CO", "CR", "CY", "CZ", "DE", "DK", "DO", "DZ", "EC", "EE", "EG", "ES", "FI", "FR", "GB", "GR", "GT", "HK", "HN", "HU", "ID", "IE", "IL", "IS", "IT", "JO", "JP", "KW", "LB", "LI", "LT", "LU", "LV", "MA", "MC", "MT", "MX", "MY", "NI", "NL", "NO", "NZ", "OM", "PA", "PE", "PH", "PL", "PS", "PT", "PY", "QA", "RO", "SA", "SE", "SG", "SK", "SV", "TH", "TN", "TR", "TW", "US", "UY", "VN", "ZA" ],
        "external_urls" : {
          "spotify" : "https://open.spotify.com/album/4RWMR22mHQEbhOfjNO7GFv"
        },
        "href" : "https://api.spotify.com/v1/albums/4RWMR22mHQEbhOfjNO7GFv",
        "id" : "4RWMR22mHQEbhOfjNO7GFv",
        "images" : [ {
          "height" : 640,
          "url" : "https://i.scdn.co/image/f4e8f7ec8ca26a68f244432e1279fca7b7c85d08",
          "width" : 640
        }, {
          "height" : 300,
          "url" : "https://i.scdn.co/image/dbd00e908df2a97f2ffedc54a0b495a36e694163",
          "width" : 300
        }, {
          "height" : 64,
          "url" : "https://i.scdn.co/image/1a4842520e26306d7ca4d8001aae54e593f7fb78",
          "width" : 64
        } ],
        "name" : "J:Kenzo",
        "release_date" : "2012-09-24",
        "release_date_precision" : "day",
        "total_tracks" : 13,
        "type" : "album",
        "uri" : "spotify:album:4RWMR22mHQEbhOfjNO7GFv"
      },
      "artists" : [ {
        "external_urls" : {
          "spotify" : "https://open.spotify.com/artist/2vnlhEYTh2K1O3NZE2ONiz"
        },
        "href" : "https://api.spotify.com/v1/artists/2vnlhEYTh2K1O3NZE2ONiz",
        "id" : "2vnlhEYTh2K1O3NZE2ONiz",
        "name" : "J:Kenzo",
        "type" : "artist",
        "uri" : "spotify:artist:2vnlhEYTh2K1O3NZE2ONiz"
      }, {
        "external_urls" : {
          "spotify" : "https://open.spotify.com/artist/3EVeAWpKJBHjicn5xRp3mu"
        },
        "href" : "https://api.spotify.com/v1/artists/3EVeAWpKJBHjicn5xRp3mu",
        "id" : "3EVeAWpKJBHjicn5xRp3mu",
        "name" : "Rhianna Kenny",
        "type" : "artist",
        "uri" : "spotify:artist:3EVeAWpKJBHjicn5xRp3mu"
      } ],
      "available_markets" : [ "AD", "AE", "AR", "AT", "AU", "BE", "BG", "BH", "BO", "BR", "CA", "CH", "CL", "CO", "CR", "CY", "CZ", "DE", "DK", "DO", "DZ", "EC", "EE", "EG", "ES", "FI", "FR", "GB", "GR", "GT", "HK", "HN", "HU", "ID", "IE", "IL", "IS", "IT", "JO", "JP", "KW", "LB", "LI", "LT", "LU", "LV", "MA", "MC", "MT", "MX", "MY", "NI", "NL", "NO", "NZ", "OM", "PA", "PE", "PH", "PL", "PS", "PT", "PY", "QA", "RO", "SA", "SE", "SG", "SK", "SV", "TH", "TN", "TR", "TW", "US", "UY", "VN", "ZA" ],
      "disc_number" : 1,
      "duration_ms" : 261200,
      "explicit" : false,
      "external_ids" : {
        "isrc" : "GBQGW1200077"
      },
      "external_urls" : {
        "spotify" : "https://open.spotify.com/track/0iLkfNlM19saLN0i2xKrma"
      },
      "href" : "https://api.spotify.com/v1/tracks/0iLkfNlM19saLN0i2xKrma",
      "id" : "0iLkfNlM19saLN0i2xKrma",
      "is_local" : false,
      "name" : "Eyes Wide Open (feat. Rhianna Kenny)",
      "popularity" : 10,
      "preview_url" : "https://p.scdn.co/mp3-preview/5d309d1339f9ec30c019c94a63bceeb50776ad15?cid=9697a3a271d24deea38f8b7fbfa0e13c",
      "track_number" : 2,
      "type" : "track",
      "uri" : "spotify:track:0iLkfNlM19saLN0i2xKrma"
    }, {
      "album" : {
        "album_type" : "single",
        "artists" : [ {
          "external_urls" : {
            "spotify" : "https://open.spotify.com/artist/7osnwnBWGvLD8sWPyHEHKd"
          },
          "href" : "https://api.spotify.com/v1/artists/7osnwnBWGvLD8sWPyHEHKd",
          "id" : "7osnwnBWGvLD8sWPyHEHKd",
          "name" : "Rhianna Oommen",
          "type" : "artist",
          "uri" : "spotify:artist:7osnwnBWGvLD8sWPyHEHKd"
        } ],
        "available_markets" : [ "AD", "AE", "AR", "AT", "AU", "BE", "BG", "BH", "BO", "BR", "CA", "CH", "CL", "CO", "CR", "CY", "CZ", "DE", "DK", "DO", "DZ", "EC", "EE", "EG", "ES", "FI", "FR", "GB", "GR", "GT", "HK", "HN", "HU", "ID", "IE", "IL", "IN", "IS", "IT", "JO", "JP", "KW", "LB", "LI", "LT", "LU", "LV", "MA", "MC", "MT", "MX", "MY", "NI", "NL", "NO", "NZ", "OM", "PA", "PE", "PH", "PL", "PS", "PT", "PY", "QA", "RO", "SA", "SE", "SG", "SK", "SV", "TH", "TN", "TR", "TW", "US", "UY", "VN", "ZA" ],
        "external_urls" : {
          "spotify" : "https://open.spotify.com/album/0vwIPUK7HQbDsxlhgVMZKa"
        },
        "href" : "https://api.spotify.com/v1/albums/0vwIPUK7HQbDsxlhgVMZKa",
        "id" : "0vwIPUK7HQbDsxlhgVMZKa",
        "images" : [ {
          "height" : 640,
          "url" : "https://i.scdn.co/image/cb5b3f808709309d5950de431454a3259d0cbc73",
          "width" : 640
        }, {
          "height" : 300,
          "url" : "https://i.scdn.co/image/2fe6de91c014b68ddfc23b7ab0254763e9fd147c",
          "width" : 300
        }, {
          "height" : 64,
          "url" : "https://i.scdn.co/image/ff6c3e486189bcd1d64cf4e1ecc5791feffe4b62",
          "width" : 64
        } ],
        "name" : "Put",
        "release_date" : "2018-07-10",
        "release_date_precision" : "day",
        "total_tracks" : 1,
        "type" : "album",
        "uri" : "spotify:album:0vwIPUK7HQbDsxlhgVMZKa"
      },
      "artists" : [ {
        "external_urls" : {
          "spotify" : "https://open.spotify.com/artist/7osnwnBWGvLD8sWPyHEHKd"
        },
        "href" : "https://api.spotify.com/v1/artists/7osnwnBWGvLD8sWPyHEHKd",
        "id" : "7osnwnBWGvLD8sWPyHEHKd",
        "name" : "Rhianna Oommen",
        "type" : "artist",
        "uri" : "spotify:artist:7osnwnBWGvLD8sWPyHEHKd"
      } ],
      "available_markets" : [ "AD", "AE", "AR", "AT", "AU", "BE", "BG", "BH", "BO", "BR", "CA", "CH", "CL", "CO", "CR", "CY", "CZ", "DE", "DK", "DO", "DZ", "EC", "EE", "EG", "ES", "FI", "FR", "GB", "GR", "GT", "HK", "HN", "HU", "ID", "IE", "IL", "IN", "IS", "IT", "JO", "JP", "KW", "LB", "LI", "LT", "LU", "LV", "MA", "MC", "MT", "MX", "MY", "NI", "NL", "NO", "NZ", "OM", "PA", "PE", "PH", "PL", "PS", "PT", "PY", "QA", "RO", "SA", "SE", "SG", "SK", "SV", "TH", "TN", "TR", "TW", "US", "UY", "VN", "ZA" ],
      "disc_number" : 1,
      "duration_ms" : 93690,
      "explicit" : false,
      "external_ids" : {
        "isrc" : "TCADS1863440"
      },
      "external_urls" : {
        "spotify" : "https://open.spotify.com/track/0t9wMPerpMyxDd62rtc4sk"
      },
      "href" : "https://api.spotify.com/v1/tracks/0t9wMPerpMyxDd62rtc4sk",
      "id" : "0t9wMPerpMyxDd62rtc4sk",
      "is_local" : false,
      "name" : "Put",
      "popularity" : 11,
      "preview_url" : "https://p.scdn.co/mp3-preview/2cdc69276ad96a833ebecf51a7beb13c2e3af047?cid=9697a3a271d24deea38f8b7fbfa0e13c",
      "track_number" : 1,
      "type" : "track",
      "uri" : "spotify:track:0t9wMPerpMyxDd62rtc4sk"
    }, {
      "album" : {
        "album_type" : "album",
        "artists" : [ {
          "external_urls" : {
            "spotify" : "https://open.spotify.com/artist/46k4QDcPyJf2fVOxpMEdkm"
          },
          "href" : "https://api.spotify.com/v1/artists/46k4QDcPyJf2fVOxpMEdkm",
          "id" : "46k4QDcPyJf2fVOxpMEdkm",
          "name" : "Pastor Eric L. Alexander",
          "type" : "artist",
          "uri" : "spotify:artist:46k4QDcPyJf2fVOxpMEdkm"
        }, {
          "external_urls" : {
            "spotify" : "https://open.spotify.com/artist/1ZrNY0hk2ch6kKNNnyINog"
          },
          "href" : "https://api.spotify.com/v1/artists/1ZrNY0hk2ch6kKNNnyINog",
          "id" : "1ZrNY0hk2ch6kKNNnyINog",
          "name" : "The St. Luke Reunion Choir",
          "type" : "artist",
          "uri" : "spotify:artist:1ZrNY0hk2ch6kKNNnyINog"
        } ],
        "available_markets" : [ "AD", "AE", "AR", "AT", "AU", "BE", "BG", "BH", "BO", "BR", "CA", "CH", "CL", "CO", "CR", "CY", "CZ", "DE", "DK", "DO", "DZ", "EC", "EE", "EG", "ES", "FI", "FR", "GB", "GR", "GT", "HK", "HN", "HU", "ID", "IE", "IL", "IN", "IS", "IT", "JO", "JP", "KW", "LB", "LI", "LT", "LU", "LV", "MA", "MC", "MT", "MX", "MY", "NI", "NL", "NO", "NZ", "OM", "PA", "PE", "PH", "PL", "PS", "PT", "PY", "QA", "RO", "SA", "SE", "SG", "SK", "SV", "TH", "TN", "TR", "TW", "US", "UY", "VN", "ZA" ],
        "external_urls" : {
          "spotify" : "https://open.spotify.com/album/6F1ArGiJSENtxf8ntZjfMI"
        },
        "href" : "https://api.spotify.com/v1/albums/6F1ArGiJSENtxf8ntZjfMI",
        "id" : "6F1ArGiJSENtxf8ntZjfMI",
        "images" : [ {
          "height" : 640,
          "url" : "https://i.scdn.co/image/95cf4ac21146a71319ec0f60103a62932aa0aca3",
          "width" : 640
        }, {
          "height" : 300,
          "url" : "https://i.scdn.co/image/ca0c57326f2d5c6a15bbbab7af12f1f19dd9adc0",
          "width" : 300
        }, {
          "height" : 64,
          "url" : "https://i.scdn.co/image/13fb59f566f5993075ad678d59cbe99a1194d988",
          "width" : 64
        } ],
        "name" : "The Journey",
        "release_date" : "2019-03-25",
        "release_date_precision" : "day",
        "total_tracks" : 15,
        "type" : "album",
        "uri" : "spotify:album:6F1ArGiJSENtxf8ntZjfMI"
      },
      "artists" : [ {
        "external_urls" : {
          "spotify" : "https://open.spotify.com/artist/46k4QDcPyJf2fVOxpMEdkm"
        },
        "href" : "https://api.spotify.com/v1/artists/46k4QDcPyJf2fVOxpMEdkm",
        "id" : "46k4QDcPyJf2fVOxpMEdkm",
        "name" : "Pastor Eric L. Alexander",
        "type" : "artist",
        "uri" : "spotify:artist:46k4QDcPyJf2fVOxpMEdkm"
      }, {
        "external_urls" : {
          "spotify" : "https://open.spotify.com/artist/1ZrNY0hk2ch6kKNNnyINog"
        },
        "href" : "https://api.spotify.com/v1/artists/1ZrNY0hk2ch6kKNNnyINog",
        "id" : "1ZrNY0hk2ch6kKNNnyINog",
        "name" : "The St. Luke Reunion Choir",
        "type" : "artist",
        "uri" : "spotify:artist:1ZrNY0hk2ch6kKNNnyINog"
      }, {
        "external_urls" : {
          "spotify" : "https://open.spotify.com/artist/3volNFttBnjuYt1941jnuF"
        },
        "href" : "https://api.spotify.com/v1/artists/3volNFttBnjuYt1941jnuF",
        "id" : "3volNFttBnjuYt1941jnuF",
        "name" : "Semja Brown",
        "type" : "artist",
        "uri" : "spotify:artist:3volNFttBnjuYt1941jnuF"
      }, {
        "external_urls" : {
          "spotify" : "https://open.spotify.com/artist/0wFaCXykkrt780BuNlYwcM"
        },
        "href" : "https://api.spotify.com/v1/artists/0wFaCXykkrt780BuNlYwcM",
        "id" : "0wFaCXykkrt780BuNlYwcM",
        "name" : "Ricardo Richardson",
        "type" : "artist",
        "uri" : "spotify:artist:0wFaCXykkrt780BuNlYwcM"
      }, {
        "external_urls" : {
          "spotify" : "https://open.spotify.com/artist/6I0SK2o7BfPJYTGO1wUXVx"
        },
        "href" : "https://api.spotify.com/v1/artists/6I0SK2o7BfPJYTGO1wUXVx",
        "id" : "6I0SK2o7BfPJYTGO1wUXVx",
        "name" : "Danyell Phillips",
        "type" : "artist",
        "uri" : "spotify:artist:6I0SK2o7BfPJYTGO1wUXVx"
      }, {
        "external_urls" : {
          "spotify" : "https://open.spotify.com/artist/5AA63gaU6q1tYaLOpt3OW7"
        },
        "href" : "https://api.spotify.com/v1/artists/5AA63gaU6q1tYaLOpt3OW7",
        "id" : "5AA63gaU6q1tYaLOpt3OW7",
        "name" : "Chate Tyson",
        "type" : "artist",
        "uri" : "spotify:artist:5AA63gaU6q1tYaLOpt3OW7"
      }, {
        "external_urls" : {
          "spotify" : "https://open.spotify.com/artist/6HDD1qfslPVH2xgthAviTB"
        },
        "href" : "https://api.spotify.com/v1/artists/6HDD1qfslPVH2xgthAviTB",
        "id" : "6HDD1qfslPVH2xgthAviTB",
        "name" : "Rhianna Williams",
        "type" : "artist",
        "uri" : "spotify:artist:6HDD1qfslPVH2xgthAviTB"
      }, {
        "external_urls" : {
          "spotify" : "https://open.spotify.com/artist/2uGdRmBSm8yS2iqUYI54aa"
        },
        "href" : "https://api.spotify.com/v1/artists/2uGdRmBSm8yS2iqUYI54aa",
        "id" : "2uGdRmBSm8yS2iqUYI54aa",
        "name" : "Danita Waller-Paig",
        "type" : "artist",
        "uri" : "spotify:artist:2uGdRmBSm8yS2iqUYI54aa"
      } ],
      "available_markets" : [ "AD", "AE", "AR", "AT", "AU", "BE", "BG", "BH", "BO", "BR", "CA", "CH", "CL", "CO", "CR", "CY", "CZ", "DE", "DK", "DO", "DZ", "EC", "EE", "EG", "ES", "FI", "FR", "GB", "GR", "GT", "HK", "HN", "HU", "ID", "IE", "IL", "IN", "IS", "IT", "JO", "JP", "KW", "LB", "LI", "LT", "LU", "LV", "MA", "MC", "MT", "MX", "MY", "NI", "NL", "NO", "NZ", "OM", "PA", "PE", "PH", "PL", "PS", "PT", "PY", "QA", "RO", "SA", "SE", "SG", "SK", "SV", "TH", "TN", "TR", "TW", "US", "UY", "VN", "ZA" ],
      "disc_number" : 1,
      "duration_ms" : 402266,
      "explicit" : false,
      "external_ids" : {
        "isrc" : "TCAED1925438"
      },
      "external_urls" : {
        "spotify" : "https://open.spotify.com/track/2GylyY49YH1zZvhMPQnRVq"
      },
      "href" : "https://api.spotify.com/v1/tracks/2GylyY49YH1zZvhMPQnRVq",
      "id" : "2GylyY49YH1zZvhMPQnRVq",
      "is_local" : false,
      "name" : "I Have a Plan",
      "popularity" : 5,
      "preview_url" : "https://p.scdn.co/mp3-preview/f0f7827ab037bce2a10781fd6b8b215711f5e7ca?cid=9697a3a271d24deea38f8b7fbfa0e13c",
      "track_number" : 3,
      "type" : "track",
      "uri" : "spotify:track:2GylyY49YH1zZvhMPQnRVq"
    }, {
      "album" : {
        "album_type" : "compilation",
        "artists" : [ {
          "external_urls" : {
            "spotify" : "https://open.spotify.com/artist/0LyfQWJT6nXafLPZqxe9Of"
          },
          "href" : "https://api.spotify.com/v1/artists/0LyfQWJT6nXafLPZqxe9Of",
          "id" : "0LyfQWJT6nXafLPZqxe9Of",
          "name" : "Various Artists",
          "type" : "artist",
          "uri" : "spotify:artist:0LyfQWJT6nXafLPZqxe9Of"
        } ],
        "available_markets" : [ "AD", "AE", "AR", "AT", "AU", "BE", "BG", "BH", "BO", "BR", "CA", "CH", "CL", "CO", "CR", "CY", "CZ", "DE", "DK", "DO", "DZ", "EC", "EE", "EG", "ES", "FI", "FR", "GB", "GR", "GT", "HK", "HN", "HU", "ID", "IE", "IL", "IN", "IS", "IT", "JO", "JP", "KW", "LB", "LI", "LT", "LU", "LV", "MA", "MC", "MT", "MX", "MY", "NI", "NL", "NO", "NZ", "OM", "PA", "PE", "PH", "PL", "PS", "PT", "PY", "QA", "RO", "SA", "SE", "SG", "SK", "SV", "TH", "TN", "TR", "TW", "US", "UY", "VN", "ZA" ],
        "external_urls" : {
          "spotify" : "https://open.spotify.com/album/4neLdD4saTQZ0xgwetx3sm"
        },
        "href" : "https://api.spotify.com/v1/albums/4neLdD4saTQZ0xgwetx3sm",
        "id" : "4neLdD4saTQZ0xgwetx3sm",
        "images" : [ {
          "height" : 640,
          "url" : "https://i.scdn.co/image/aaf0f6eafa7f0c65f466740cd3e03f21cdd2c4e3",
          "width" : 640
        }, {
          "height" : 300,
          "url" : "https://i.scdn.co/image/113be31d492442011343fe5cd03529cb6b22be81",
          "width" : 300
        }, {
          "height" : 64,
          "url" : "https://i.scdn.co/image/0148a2a8e011349c237401c81c728a38b293ba7f",
          "width" : 64
        } ],
        "name" : "Fierce Angel Presents Fierce Disco VI (Dj Edition Unmixed)",
        "release_date" : "2013-07-15",
        "release_date_precision" : "day",
        "total_tracks" : 26,
        "type" : "album",
        "uri" : "spotify:album:4neLdD4saTQZ0xgwetx3sm"
      },
      "artists" : [ {
        "external_urls" : {
          "spotify" : "https://open.spotify.com/artist/7M6wyZsYkEekPfamjHENi9"
        },
        "href" : "https://api.spotify.com/v1/artists/7M6wyZsYkEekPfamjHENi9",
        "id" : "7M6wyZsYkEekPfamjHENi9",
        "name" : "Paaniq",
        "type" : "artist",
        "uri" : "spotify:artist:7M6wyZsYkEekPfamjHENi9"
      }, {
        "external_urls" : {
          "spotify" : "https://open.spotify.com/artist/3EVeAWpKJBHjicn5xRp3mu"
        },
        "href" : "https://api.spotify.com/v1/artists/3EVeAWpKJBHjicn5xRp3mu",
        "id" : "3EVeAWpKJBHjicn5xRp3mu",
        "name" : "Rhianna Kenny",
        "type" : "artist",
        "uri" : "spotify:artist:3EVeAWpKJBHjicn5xRp3mu"
      } ],
      "available_markets" : [ "AD", "AE", "AR", "AT", "AU", "BE", "BG", "BH", "BO", "BR", "CA", "CH", "CL", "CO", "CR", "CY", "CZ", "DE", "DK", "DO", "DZ", "EC", "EE", "EG", "ES", "FI", "FR", "GB", "GR", "GT", "HK", "HN", "HU", "ID", "IE", "IL", "IN", "IS", "IT", "JO", "JP", "KW", "LB", "LI", "LT", "LU", "LV", "MA", "MC", "MT", "MX", "MY", "NI", "NL", "NO", "NZ", "OM", "PA", "PE", "PH", "PL", "PS", "PT", "PY", "QA", "RO", "SA", "SE", "SG", "SK", "SV", "TH", "TN", "TR", "TW", "US", "UY", "VN", "ZA" ],
      "disc_number" : 1,
      "duration_ms" : 343000,
      "explicit" : false,
      "external_ids" : {
        "isrc" : "SEWUG1300605"
      },
      "external_urls" : {
        "spotify" : "https://open.spotify.com/track/7zVzQPNKKZgSuW48nlKcMG"
      },
      "href" : "https://api.spotify.com/v1/tracks/7zVzQPNKKZgSuW48nlKcMG",
      "id" : "7zVzQPNKKZgSuW48nlKcMG",
      "is_local" : false,
      "name" : "Never Look Back - Original Mix",
      "popularity" : 8,
      "preview_url" : "https://p.scdn.co/mp3-preview/4e51775396fc4e1e46f440cb99871797a2e750f1?cid=9697a3a271d24deea38f8b7fbfa0e13c",
      "track_number" : 15,
      "type" : "track",
      "uri" : "spotify:track:7zVzQPNKKZgSuW48nlKcMG"
    }, {
      "album" : {
        "album_type" : "single",
        "artists" : [ {
          "external_urls" : {
            "spotify" : "https://open.spotify.com/artist/2QO7dk5VoVkOME84ZUXPkD"
          },
          "href" : "https://api.spotify.com/v1/artists/2QO7dk5VoVkOME84ZUXPkD",
          "id" : "2QO7dk5VoVkOME84ZUXPkD",
          "name" : "Rhianna Vargas",
          "type" : "artist",
          "uri" : "spotify:artist:2QO7dk5VoVkOME84ZUXPkD"
        } ],
        "available_markets" : [ "AD", "AE", "AR", "AT", "AU", "BE", "BG", "BH", "BO", "BR", "CA", "CH", "CL", "CO", "CR", "CY", "CZ", "DE", "DK", "DO", "DZ", "EC", "EE", "EG", "ES", "FI", "FR", "GB", "GR", "GT", "HK", "HN", "HU", "ID", "IE", "IL", "IN", "IS", "IT", "JO", "JP", "KW", "LB", "LI", "LT", "LU", "LV", "MA", "MC", "MT", "MX", "MY", "NI", "NL", "NO", "NZ", "OM", "PA", "PE", "PH", "PL", "PS", "PT", "PY", "QA", "RO", "SA", "SE", "SG", "SK", "SV", "TH", "TN", "TR", "TW", "US", "UY", "VN", "ZA" ],
        "external_urls" : {
          "spotify" : "https://open.spotify.com/album/6wpNAhRNOPMgFoI7vWjYAh"
        },
        "href" : "https://api.spotify.com/v1/albums/6wpNAhRNOPMgFoI7vWjYAh",
        "id" : "6wpNAhRNOPMgFoI7vWjYAh",
        "images" : [ {
          "height" : 640,
          "url" : "https://i.scdn.co/image/54a2986a097d34ce132735be8d6683e563dfeeaa",
          "width" : 640
        }, {
          "height" : 300,
          "url" : "https://i.scdn.co/image/901d0aaf5cf2ec39de1ef738b2a38f4929b3d482",
          "width" : 300
        }, {
          "height" : 64,
          "url" : "https://i.scdn.co/image/d8d61f2e5766494b649a703b6d79acc7ad457424",
          "width" : 64
        } ],
        "name" : "Strip Club",
        "release_date" : "2018-09-17",
        "release_date_precision" : "day",
        "total_tracks" : 1,
        "type" : "album",
        "uri" : "spotify:album:6wpNAhRNOPMgFoI7vWjYAh"
      },
      "artists" : [ {
        "external_urls" : {
          "spotify" : "https://open.spotify.com/artist/2QO7dk5VoVkOME84ZUXPkD"
        },
        "href" : "https://api.spotify.com/v1/artists/2QO7dk5VoVkOME84ZUXPkD",
        "id" : "2QO7dk5VoVkOME84ZUXPkD",
        "name" : "Rhianna Vargas",
        "type" : "artist",
        "uri" : "spotify:artist:2QO7dk5VoVkOME84ZUXPkD"
      } ],
      "available_markets" : [ "AD", "AE", "AR", "AT", "AU", "BE", "BG", "BH", "BO", "BR", "CA", "CH", "CL", "CO", "CR", "CY", "CZ", "DE", "DK", "DO", "DZ", "EC", "EE", "EG", "ES", "FI", "FR", "GB", "GR", "GT", "HK", "HN", "HU", "ID", "IE", "IL", "IN", "IS", "IT", "JO", "JP", "KW", "LB", "LI", "LT", "LU", "LV", "MA", "MC", "MT", "MX", "MY", "NI", "NL", "NO", "NZ", "OM", "PA", "PE", "PH", "PL", "PS", "PT", "PY", "QA", "RO", "SA", "SE", "SG", "SK", "SV", "TH", "TN", "TR", "TW", "US", "UY", "VN", "ZA" ],
      "disc_number" : 1,
      "duration_ms" : 122377,
      "explicit" : false,
      "external_ids" : {
        "isrc" : "QZAH61802184"
      },
      "external_urls" : {
        "spotify" : "https://open.spotify.com/track/0t6wSWodH3Xu2TtdGZzSC9"
      },
      "href" : "https://api.spotify.com/v1/tracks/0t6wSWodH3Xu2TtdGZzSC9",
      "id" : "0t6wSWodH3Xu2TtdGZzSC9",
      "is_local" : false,
      "name" : "Strip Club",
      "popularity" : 7,
      "preview_url" : "https://p.scdn.co/mp3-preview/2a00e5280ac645c17dbc757ca938b360139cc3da?cid=9697a3a271d24deea38f8b7fbfa0e13c",
      "track_number" : 1,
      "type" : "track",
      "uri" : "spotify:track:0t6wSWodH3Xu2TtdGZzSC9"
    }, {
      "album" : {
        "album_type" : "album",
        "artists" : [ {
          "external_urls" : {
            "spotify" : "https://open.spotify.com/artist/6cdmYp8fPQYDIU1l1Sqt8X"
          },
          "href" : "https://api.spotify.com/v1/artists/6cdmYp8fPQYDIU1l1Sqt8X",
          "id" : "6cdmYp8fPQYDIU1l1Sqt8X",
          "name" : "Rasmus Faber",
          "type" : "artist",
          "uri" : "spotify:artist:6cdmYp8fPQYDIU1l1Sqt8X"
        } ],
        "available_markets" : [ "AD", "AE", "AR", "AT", "AU", "BE", "BG", "BH", "BO", "BR", "CA", "CH", "CL", "CO", "CR", "CY", "CZ", "DE", "DK", "DO", "DZ", "EC", "EE", "EG", "ES", "FI", "FR", "GB", "GR", "GT", "HK", "HN", "HU", "ID", "IE", "IL", "IN", "IS", "JO", "KW", "LB", "LI", "LT", "LU", "LV", "MA", "MC", "MT", "MX", "MY", "NI", "NL", "NO", "NZ", "OM", "PA", "PE", "PH", "PL", "PS", "PT", "PY", "QA", "RO", "SA", "SE", "SG", "SK", "SV", "TH", "TN", "TR", "TW", "US", "UY", "VN", "ZA" ],
        "external_urls" : {
          "spotify" : "https://open.spotify.com/album/5p7U1IOybBU3hxcaojzQSc"
        },
        "href" : "https://api.spotify.com/v1/albums/5p7U1IOybBU3hxcaojzQSc",
        "id" : "5p7U1IOybBU3hxcaojzQSc",
        "images" : [ {
          "height" : 640,
          "url" : "https://i.scdn.co/image/56a219a145c4d14b170853a056be39ae59077603",
          "width" : 640
        }, {
          "height" : 300,
          "url" : "https://i.scdn.co/image/8305010c68cbd178023bf76a8d356679f25c39fb",
          "width" : 300
        }, {
          "height" : 64,
          "url" : "https://i.scdn.co/image/4a3028e1a7ac1ba37699a57b9abee7a875b93f72",
          "width" : 64
        } ],
        "name" : "Indian Summer LP",
        "release_date" : "2013-09-23",
        "release_date_precision" : "day",
        "total_tracks" : 8,
        "type" : "album",
        "uri" : "spotify:album:5p7U1IOybBU3hxcaojzQSc"
      },
      "artists" : [ {
        "external_urls" : {
          "spotify" : "https://open.spotify.com/artist/6cdmYp8fPQYDIU1l1Sqt8X"
        },
        "href" : "https://api.spotify.com/v1/artists/6cdmYp8fPQYDIU1l1Sqt8X",
        "id" : "6cdmYp8fPQYDIU1l1Sqt8X",
        "name" : "Rasmus Faber",
        "type" : "artist",
        "uri" : "spotify:artist:6cdmYp8fPQYDIU1l1Sqt8X"
      }, {
        "external_urls" : {
          "spotify" : "https://open.spotify.com/artist/3EVeAWpKJBHjicn5xRp3mu"
        },
        "href" : "https://api.spotify.com/v1/artists/3EVeAWpKJBHjicn5xRp3mu",
        "id" : "3EVeAWpKJBHjicn5xRp3mu",
        "name" : "Rhianna Kenny",
        "type" : "artist",
        "uri" : "spotify:artist:3EVeAWpKJBHjicn5xRp3mu"
      } ],
      "available_markets" : [ "AD", "AE", "AR", "AT", "AU", "BE", "BG", "BH", "BO", "BR", "CA", "CH", "CL", "CO", "CR", "CY", "CZ", "DE", "DK", "DO", "DZ", "EC", "EE", "EG", "ES", "FI", "FR", "GB", "GR", "GT", "HK", "HN", "HU", "ID", "IE", "IL", "IN", "IS", "JO", "KW", "LB", "LI", "LT", "LU", "LV", "MA", "MC", "MT", "MX", "MY", "NI", "NL", "NO", "NZ", "OM", "PA", "PE", "PH", "PL", "PS", "PT", "PY", "QA", "RO", "SA", "SE", "SG", "SK", "SV", "TH", "TN", "TR", "TW", "US", "UY", "VN", "ZA" ],
      "disc_number" : 1,
      "duration_ms" : 324105,
      "explicit" : false,
      "external_ids" : {
        "isrc" : "SEWUG1201809"
      },
      "external_urls" : {
        "spotify" : "https://open.spotify.com/track/1dOHoW2dQP9bq9M7zWJ74b"
      },
      "href" : "https://api.spotify.com/v1/tracks/1dOHoW2dQP9bq9M7zWJ74b",
      "id" : "1dOHoW2dQP9bq9M7zWJ74b",
      "is_local" : false,
      "name" : "Hurricane (feat. Rhianna Kenny)",
      "popularity" : 7,
      "preview_url" : "https://p.scdn.co/mp3-preview/38b11073cdc05298079fb7dcc2983a418c380bfc?cid=9697a3a271d24deea38f8b7fbfa0e13c",
      "track_number" : 7,
      "type" : "track",
      "uri" : "spotify:track:1dOHoW2dQP9bq9M7zWJ74b"
    }, {
      "album" : {
        "album_type" : "single",
        "artists" : [ {
          "external_urls" : {
            "spotify" : "https://open.spotify.com/artist/2QO7dk5VoVkOME84ZUXPkD"
          },
          "href" : "https://api.spotify.com/v1/artists/2QO7dk5VoVkOME84ZUXPkD",
          "id" : "2QO7dk5VoVkOME84ZUXPkD",
          "name" : "Rhianna Vargas",
          "type" : "artist",
          "uri" : "spotify:artist:2QO7dk5VoVkOME84ZUXPkD"
        } ],
        "available_markets" : [ "AD", "AE", "AR", "AT", "AU", "BE", "BG", "BH", "BO", "BR", "CA", "CH", "CL", "CO", "CR", "CY", "CZ", "DE", "DK", "DO", "DZ", "EC", "EE", "EG", "ES", "FI", "FR", "GB", "GR", "GT", "HK", "HN", "HU", "ID", "IE", "IL", "IN", "IS", "IT", "JO", "JP", "KW", "LB", "LI", "LT", "LU", "LV", "MA", "MC", "MT", "MX", "MY", "NI", "NL", "NO", "NZ", "OM", "PA", "PE", "PH", "PL", "PS", "PT", "PY", "QA", "RO", "SA", "SE", "SG", "SK", "SV", "TH", "TN", "TR", "TW", "US", "UY", "VN", "ZA" ],
        "external_urls" : {
          "spotify" : "https://open.spotify.com/album/4zr8BtM8C79YKrFp9LK6zV"
        },
        "href" : "https://api.spotify.com/v1/albums/4zr8BtM8C79YKrFp9LK6zV",
        "id" : "4zr8BtM8C79YKrFp9LK6zV",
        "images" : [ {
          "height" : 640,
          "url" : "https://i.scdn.co/image/1a43530fa5195680db5464ba1a8b5d9cc5441cc6",
          "width" : 640
        }, {
          "height" : 300,
          "url" : "https://i.scdn.co/image/70dd14ef1e2b17f0115220ba734758a63d9315a8",
          "width" : 300
        }, {
          "height" : 64,
          "url" : "https://i.scdn.co/image/1fde92bb60294c27b643ca3782ce280fd079257f",
          "width" : 64
        } ],
        "name" : "Tear Da Roof Off",
        "release_date" : "2018-10-24",
        "release_date_precision" : "day",
        "total_tracks" : 1,
        "type" : "album",
        "uri" : "spotify:album:4zr8BtM8C79YKrFp9LK6zV"
      },
      "artists" : [ {
        "external_urls" : {
          "spotify" : "https://open.spotify.com/artist/2QO7dk5VoVkOME84ZUXPkD"
        },
        "href" : "https://api.spotify.com/v1/artists/2QO7dk5VoVkOME84ZUXPkD",
        "id" : "2QO7dk5VoVkOME84ZUXPkD",
        "name" : "Rhianna Vargas",
        "type" : "artist",
        "uri" : "spotify:artist:2QO7dk5VoVkOME84ZUXPkD"
      } ],
      "available_markets" : [ "AD", "AE", "AR", "AT", "AU", "BE", "BG", "BH", "BO", "BR", "CA", "CH", "CL", "CO", "CR", "CY", "CZ", "DE", "DK", "DO", "DZ", "EC", "EE", "EG", "ES", "FI", "FR", "GB", "GR", "GT", "HK", "HN", "HU", "ID", "IE", "IL", "IN", "IS", "IT", "JO", "JP", "KW", "LB", "LI", "LT", "LU", "LV", "MA", "MC", "MT", "MX", "MY", "NI", "NL", "NO", "NZ", "OM", "PA", "PE", "PH", "PL", "PS", "PT", "PY", "QA", "RO", "SA", "SE", "SG", "SK", "SV", "TH", "TN", "TR", "TW", "US", "UY", "VN", "ZA" ],
      "disc_number" : 1,
      "duration_ms" : 264608,
      "explicit" : false,
      "external_ids" : {
        "isrc" : "QZAH61802184"
      },
      "external_urls" : {
        "spotify" : "https://open.spotify.com/track/6DmSQ3P3rGvINsYjsONUHX"
      },
      "href" : "https://api.spotify.com/v1/tracks/6DmSQ3P3rGvINsYjsONUHX",
      "id" : "6DmSQ3P3rGvINsYjsONUHX",
      "is_local" : false,
      "name" : "Tear Da Roof Off",
      "popularity" : 6,
      "preview_url" : "https://p.scdn.co/mp3-preview/6878b37e1cd62896b815d25e04d73b72b69f1708?cid=9697a3a271d24deea38f8b7fbfa0e13c",
      "track_number" : 1,
      "type" : "track",
      "uri" : "spotify:track:6DmSQ3P3rGvINsYjsONUHX"
    }, {
      "album" : {
        "album_type" : "album",
        "artists" : [ {
          "external_urls" : {
            "spotify" : "https://open.spotify.com/artist/46k4QDcPyJf2fVOxpMEdkm"
          },
          "href" : "https://api.spotify.com/v1/artists/46k4QDcPyJf2fVOxpMEdkm",
          "id" : "46k4QDcPyJf2fVOxpMEdkm",
          "name" : "Pastor Eric L. Alexander",
          "type" : "artist",
          "uri" : "spotify:artist:46k4QDcPyJf2fVOxpMEdkm"
        }, {
          "external_urls" : {
            "spotify" : "https://open.spotify.com/artist/1ZrNY0hk2ch6kKNNnyINog"
          },
          "href" : "https://api.spotify.com/v1/artists/1ZrNY0hk2ch6kKNNnyINog",
          "id" : "1ZrNY0hk2ch6kKNNnyINog",
          "name" : "The St. Luke Reunion Choir",
          "type" : "artist",
          "uri" : "spotify:artist:1ZrNY0hk2ch6kKNNnyINog"
        } ],
        "available_markets" : [ "AD", "AE", "AR", "AT", "AU", "BE", "BG", "BH", "BO", "BR", "CA", "CH", "CL", "CO", "CR", "CY", "CZ", "DE", "DK", "DO", "DZ", "EC", "EE", "EG", "ES", "FI", "FR", "GB", "GR", "GT", "HK", "HN", "HU", "ID", "IE", "IL", "IN", "IS", "IT", "JO", "JP", "KW", "LB", "LI", "LT", "LU", "LV", "MA", "MC", "MT", "MX", "MY", "NI", "NL", "NO", "NZ", "OM", "PA", "PE", "PH", "PL", "PS", "PT", "PY", "QA", "RO", "SA", "SE", "SG", "SK", "SV", "TH", "TN", "TR", "TW", "US", "UY", "VN", "ZA" ],
        "external_urls" : {
          "spotify" : "https://open.spotify.com/album/6F1ArGiJSENtxf8ntZjfMI"
        },
        "href" : "https://api.spotify.com/v1/albums/6F1ArGiJSENtxf8ntZjfMI",
        "id" : "6F1ArGiJSENtxf8ntZjfMI",
        "images" : [ {
          "height" : 640,
          "url" : "https://i.scdn.co/image/95cf4ac21146a71319ec0f60103a62932aa0aca3",
          "width" : 640
        }, {
          "height" : 300,
          "url" : "https://i.scdn.co/image/ca0c57326f2d5c6a15bbbab7af12f1f19dd9adc0",
          "width" : 300
        }, {
          "height" : 64,
          "url" : "https://i.scdn.co/image/13fb59f566f5993075ad678d59cbe99a1194d988",
          "width" : 64
        } ],
        "name" : "The Journey",
        "release_date" : "2019-03-25",
        "release_date_precision" : "day",
        "total_tracks" : 15,
        "type" : "album",
        "uri" : "spotify:album:6F1ArGiJSENtxf8ntZjfMI"
      },
      "artists" : [ {
        "external_urls" : {
          "spotify" : "https://open.spotify.com/artist/46k4QDcPyJf2fVOxpMEdkm"
        },
        "href" : "https://api.spotify.com/v1/artists/46k4QDcPyJf2fVOxpMEdkm",
        "id" : "46k4QDcPyJf2fVOxpMEdkm",
        "name" : "Pastor Eric L. Alexander",
        "type" : "artist",
        "uri" : "spotify:artist:46k4QDcPyJf2fVOxpMEdkm"
      }, {
        "external_urls" : {
          "spotify" : "https://open.spotify.com/artist/1ZrNY0hk2ch6kKNNnyINog"
        },
        "href" : "https://api.spotify.com/v1/artists/1ZrNY0hk2ch6kKNNnyINog",
        "id" : "1ZrNY0hk2ch6kKNNnyINog",
        "name" : "The St. Luke Reunion Choir",
        "type" : "artist",
        "uri" : "spotify:artist:1ZrNY0hk2ch6kKNNnyINog"
      }, {
        "external_urls" : {
          "spotify" : "https://open.spotify.com/artist/3volNFttBnjuYt1941jnuF"
        },
        "href" : "https://api.spotify.com/v1/artists/3volNFttBnjuYt1941jnuF",
        "id" : "3volNFttBnjuYt1941jnuF",
        "name" : "Semja Brown",
        "type" : "artist",
        "uri" : "spotify:artist:3volNFttBnjuYt1941jnuF"
      }, {
        "external_urls" : {
          "spotify" : "https://open.spotify.com/artist/0wFaCXykkrt780BuNlYwcM"
        },
        "href" : "https://api.spotify.com/v1/artists/0wFaCXykkrt780BuNlYwcM",
        "id" : "0wFaCXykkrt780BuNlYwcM",
        "name" : "Ricardo Richardson",
        "type" : "artist",
        "uri" : "spotify:artist:0wFaCXykkrt780BuNlYwcM"
      }, {
        "external_urls" : {
          "spotify" : "https://open.spotify.com/artist/6I0SK2o7BfPJYTGO1wUXVx"
        },
        "href" : "https://api.spotify.com/v1/artists/6I0SK2o7BfPJYTGO1wUXVx",
        "id" : "6I0SK2o7BfPJYTGO1wUXVx",
        "name" : "Danyell Phillips",
        "type" : "artist",
        "uri" : "spotify:artist:6I0SK2o7BfPJYTGO1wUXVx"
      }, {
        "external_urls" : {
          "spotify" : "https://open.spotify.com/artist/5AA63gaU6q1tYaLOpt3OW7"
        },
        "href" : "https://api.spotify.com/v1/artists/5AA63gaU6q1tYaLOpt3OW7",
        "id" : "5AA63gaU6q1tYaLOpt3OW7",
        "name" : "Chate Tyson",
        "type" : "artist",
        "uri" : "spotify:artist:5AA63gaU6q1tYaLOpt3OW7"
      }, {
        "external_urls" : {
          "spotify" : "https://open.spotify.com/artist/6HDD1qfslPVH2xgthAviTB"
        },
        "href" : "https://api.spotify.com/v1/artists/6HDD1qfslPVH2xgthAviTB",
        "id" : "6HDD1qfslPVH2xgthAviTB",
        "name" : "Rhianna Williams",
        "type" : "artist",
        "uri" : "spotify:artist:6HDD1qfslPVH2xgthAviTB"
      }, {
        "external_urls" : {
          "spotify" : "https://open.spotify.com/artist/2uGdRmBSm8yS2iqUYI54aa"
        },
        "href" : "https://api.spotify.com/v1/artists/2uGdRmBSm8yS2iqUYI54aa",
        "id" : "2uGdRmBSm8yS2iqUYI54aa",
        "name" : "Danita Waller-Paig",
        "type" : "artist",
        "uri" : "spotify:artist:2uGdRmBSm8yS2iqUYI54aa"
      } ],
      "available_markets" : [ "AD", "AE", "AR", "AT", "AU", "BE", "BG", "BH", "BO", "BR", "CA", "CH", "CL", "CO", "CR", "CY", "CZ", "DE", "DK", "DO", "DZ", "EC", "EE", "EG", "ES", "FI", "FR", "GB", "GR", "GT", "HK", "HN", "HU", "ID", "IE", "IL", "IN", "IS", "IT", "JO", "JP", "KW", "LB", "LI", "LT", "LU", "LV", "MA", "MC", "MT", "MX", "MY", "NI", "NL", "NO", "NZ", "OM", "PA", "PE", "PH", "PL", "PS", "PT", "PY", "QA", "RO", "SA", "SE", "SG", "SK", "SV", "TH", "TN", "TR", "TW", "US", "UY", "VN", "ZA" ],
      "disc_number" : 1,
      "duration_ms" : 247240,
      "explicit" : false,
      "external_ids" : {
        "isrc" : "TCAED1925439"
      },
      "external_urls" : {
        "spotify" : "https://open.spotify.com/track/1mIPezeMrCC6eSYL5nZbvl"
      },
      "href" : "https://api.spotify.com/v1/tracks/1mIPezeMrCC6eSYL5nZbvl",
      "id" : "1mIPezeMrCC6eSYL5nZbvl",
      "is_local" : false,
      "name" : "1. I Have a Plan (Reprise)",
      "popularity" : 4,
      "preview_url" : "https://p.scdn.co/mp3-preview/e94457a9a40069c45e4ea397e26fbe5b6e90301e?cid=9697a3a271d24deea38f8b7fbfa0e13c",
      "track_number" : 4,
      "type" : "track",
      "uri" : "spotify:track:1mIPezeMrCC6eSYL5nZbvl"
    }, {
      "album" : {
        "album_type" : "album",
        "artists" : [ {
          "external_urls" : {
            "spotify" : "https://open.spotify.com/artist/2yBqUfbwQcpNjA7sjsKFtb"
          },
          "href" : "https://api.spotify.com/v1/artists/2yBqUfbwQcpNjA7sjsKFtb",
          "id" : "2yBqUfbwQcpNjA7sjsKFtb",
          "name" : "Bhangra Remix Band",
          "type" : "artist",
          "uri" : "spotify:artist:2yBqUfbwQcpNjA7sjsKFtb"
        } ],
        "available_markets" : [ "AD", "AE", "AR", "AT", "AU", "BE", "BG", "BH", "BO", "BR", "CA", "CH", "CL", "CO", "CR", "CY", "CZ", "DE", "DK", "DO", "DZ", "EC", "EE", "EG", "ES", "FI", "FR", "GB", "GR", "GT", "HK", "HN", "HU", "ID", "IE", "IL", "IN", "IS", "IT", "JO", "JP", "KW", "LB", "LI", "LT", "LU", "LV", "MA", "MC", "MT", "MX", "MY", "NI", "NL", "NO", "NZ", "OM", "PA", "PE", "PH", "PL", "PS", "PT", "PY", "QA", "RO", "SA", "SE", "SG", "SK", "SV", "TH", "TN", "TR", "TW", "US", "UY", "VN", "ZA" ],
        "external_urls" : {
          "spotify" : "https://open.spotify.com/album/65DiwcewY0rFBPBQqzSExm"
        },
        "href" : "https://api.spotify.com/v1/albums/65DiwcewY0rFBPBQqzSExm",
        "id" : "65DiwcewY0rFBPBQqzSExm",
        "images" : [ {
          "height" : 640,
          "url" : "https://i.scdn.co/image/de9cf8af59bfbad42ec96903b5f32cf503c02f28",
          "width" : 640
        }, {
          "height" : 300,
          "url" : "https://i.scdn.co/image/a58de476b5d6b46f3c70785b83d246232c3558c6",
          "width" : 300
        }, {
          "height" : 64,
          "url" : "https://i.scdn.co/image/1bc563aef1661d2803fdc2f488def153d7fed205",
          "width" : 64
        } ],
        "name" : "Indian Wedding Songs - Bollywood Bhangra Dance Party",
        "release_date" : "2010-02-20",
        "release_date_precision" : "day",
        "total_tracks" : 15,
        "type" : "album",
        "uri" : "spotify:album:65DiwcewY0rFBPBQqzSExm"
      },
      "artists" : [ {
        "external_urls" : {
          "spotify" : "https://open.spotify.com/artist/2yBqUfbwQcpNjA7sjsKFtb"
        },
        "href" : "https://api.spotify.com/v1/artists/2yBqUfbwQcpNjA7sjsKFtb",
        "id" : "2yBqUfbwQcpNjA7sjsKFtb",
        "name" : "Bhangra Remix Band",
        "type" : "artist",
        "uri" : "spotify:artist:2yBqUfbwQcpNjA7sjsKFtb"
      } ],
      "available_markets" : [ "AD", "AE", "AR", "AT", "AU", "BE", "BG", "BH", "BO", "BR", "CA", "CH", "CL", "CO", "CR", "CY", "CZ", "DE", "DK", "DO", "DZ", "EC", "EE", "EG", "ES", "FI", "FR", "GB", "GR", "GT", "HK", "HN", "HU", "ID", "IE", "IL", "IN", "IS", "IT", "JO", "JP", "KW", "LB", "LI", "LT", "LU", "LV", "MA", "MC", "MT", "MX", "MY", "NI", "NL", "NO", "NZ", "OM", "PA", "PE", "PH", "PL", "PS", "PT", "PY", "QA", "RO", "SA", "SE", "SG", "SK", "SV", "TH", "TN", "TR", "TW", "US", "UY", "VN", "ZA" ],
      "disc_number" : 1,
      "duration_ms" : 218253,
      "explicit" : false,
      "external_ids" : {
        "isrc" : "USTCD1051177"
      },
      "external_urls" : {
        "spotify" : "https://open.spotify.com/track/3PzPkOOTAuet15KrBIkeRd"
      },
      "href" : "https://api.spotify.com/v1/tracks/3PzPkOOTAuet15KrBIkeRd",
      "id" : "3PzPkOOTAuet15KrBIkeRd",
      "is_local" : false,
      "name" : "Rude Punjabi Boy (Inspired By Rhianna)",
      "popularity" : 5,
      "preview_url" : "https://p.scdn.co/mp3-preview/5392363963139db76112fc1adc6eca169738f89e?cid=9697a3a271d24deea38f8b7fbfa0e13c",
      "track_number" : 6,
      "type" : "track",
      "uri" : "spotify:track:3PzPkOOTAuet15KrBIkeRd"
    }, {
      "album" : {
        "album_type" : "single",
        "artists" : [ {
          "external_urls" : {
            "spotify" : "https://open.spotify.com/artist/2vnlhEYTh2K1O3NZE2ONiz"
          },
          "href" : "https://api.spotify.com/v1/artists/2vnlhEYTh2K1O3NZE2ONiz",
          "id" : "2vnlhEYTh2K1O3NZE2ONiz",
          "name" : "J:Kenzo",
          "type" : "artist",
          "uri" : "spotify:artist:2vnlhEYTh2K1O3NZE2ONiz"
        } ],
        "available_markets" : [ "AD", "AE", "AR", "AT", "AU", "BE", "BG", "BH", "BO", "BR", "CA", "CH", "CL", "CO", "CR", "CY", "CZ", "DE", "DK", "DO", "DZ", "EC", "EE", "EG", "ES", "FI", "FR", "GB", "GR", "GT", "HK", "HN", "HU", "ID", "IE", "IL", "IS", "IT", "JO", "JP", "KW", "LB", "LI", "LT", "LU", "LV", "MA", "MC", "MT", "MX", "MY", "NI", "NL", "NO", "NZ", "OM", "PA", "PE", "PH", "PL", "PS", "PT", "PY", "QA", "RO", "SA", "SE", "SG", "SK", "SV", "TH", "TN", "TR", "TW", "US", "UY", "VN", "ZA" ],
        "external_urls" : {
          "spotify" : "https://open.spotify.com/album/5XUfWKLIINsaq9pFP7Ar1d"
        },
        "href" : "https://api.spotify.com/v1/albums/5XUfWKLIINsaq9pFP7Ar1d",
        "id" : "5XUfWKLIINsaq9pFP7Ar1d",
        "images" : [ {
          "height" : 640,
          "url" : "https://i.scdn.co/image/0b58ac22119826afee15f27a87f10689ec9b0663",
          "width" : 640
        }, {
          "height" : 300,
          "url" : "https://i.scdn.co/image/5fffed25e73890bc60c35195d7204a8af38fb1ea",
          "width" : 300
        }, {
          "height" : 64,
          "url" : "https://i.scdn.co/image/f8667d6e3d6bcd9377649fe50e9034325ab4273b",
          "width" : 64
        } ],
        "name" : "Eyes Wide Open (feat. Rhianna Kenny) [Remixes]",
        "release_date" : "2013-08-05",
        "release_date_precision" : "day",
        "total_tracks" : 2,
        "type" : "album",
        "uri" : "spotify:album:5XUfWKLIINsaq9pFP7Ar1d"
      },
      "artists" : [ {
        "external_urls" : {
          "spotify" : "https://open.spotify.com/artist/2vnlhEYTh2K1O3NZE2ONiz"
        },
        "href" : "https://api.spotify.com/v1/artists/2vnlhEYTh2K1O3NZE2ONiz",
        "id" : "2vnlhEYTh2K1O3NZE2ONiz",
        "name" : "J:Kenzo",
        "type" : "artist",
        "uri" : "spotify:artist:2vnlhEYTh2K1O3NZE2ONiz"
      }, {
        "external_urls" : {
          "spotify" : "https://open.spotify.com/artist/3EVeAWpKJBHjicn5xRp3mu"
        },
        "href" : "https://api.spotify.com/v1/artists/3EVeAWpKJBHjicn5xRp3mu",
        "id" : "3EVeAWpKJBHjicn5xRp3mu",
        "name" : "Rhianna Kenny",
        "type" : "artist",
        "uri" : "spotify:artist:3EVeAWpKJBHjicn5xRp3mu"
      }, {
        "external_urls" : {
          "spotify" : "https://open.spotify.com/artist/72IPEXPjnxWkUgfgyAvfNA"
        },
        "href" : "https://api.spotify.com/v1/artists/72IPEXPjnxWkUgfgyAvfNA",
        "id" : "72IPEXPjnxWkUgfgyAvfNA",
        "name" : "dBridge",
        "type" : "artist",
        "uri" : "spotify:artist:72IPEXPjnxWkUgfgyAvfNA"
      } ],
      "available_markets" : [ "AD", "AE", "AR", "AT", "AU", "BE", "BG", "BH", "BO", "BR", "CA", "CH", "CL", "CO", "CR", "CY", "CZ", "DE", "DK", "DO", "DZ", "EC", "EE", "EG", "ES", "FI", "FR", "GB", "GR", "GT", "HK", "HN", "HU", "ID", "IE", "IL", "IS", "IT", "JO", "JP", "KW", "LB", "LI", "LT", "LU", "LV", "MA", "MC", "MT", "MX", "MY", "NI", "NL", "NO", "NZ", "OM", "PA", "PE", "PH", "PL", "PS", "PT", "PY", "QA", "RO", "SA", "SE", "SG", "SK", "SV", "TH", "TN", "TR", "TW", "US", "UY", "VN", "ZA" ],
      "disc_number" : 1,
      "duration_ms" : 311980,
      "explicit" : false,
      "external_ids" : {
        "isrc" : "GBQGW1200135"
      },
      "external_urls" : {
        "spotify" : "https://open.spotify.com/track/1EUrvYZ4n5fSM7yRCs7pxX"
      },
      "href" : "https://api.spotify.com/v1/tracks/1EUrvYZ4n5fSM7yRCs7pxX",
      "id" : "1EUrvYZ4n5fSM7yRCs7pxX",
      "is_local" : false,
      "name" : "Eyes Wide Open (feat. Rhianna Kenny) - dBridge Remix",
      "popularity" : 7,
      "preview_url" : "https://p.scdn.co/mp3-preview/3ab3d51648b5d4f6d60442357d3653afa4b6c982?cid=9697a3a271d24deea38f8b7fbfa0e13c",
      "track_number" : 1,
      "type" : "track",
      "uri" : "spotify:track:1EUrvYZ4n5fSM7yRCs7pxX"
    }, {
      "album" : {
        "album_type" : "single",
        "artists" : [ {
          "external_urls" : {
            "spotify" : "https://open.spotify.com/artist/2QO7dk5VoVkOME84ZUXPkD"
          },
          "href" : "https://api.spotify.com/v1/artists/2QO7dk5VoVkOME84ZUXPkD",
          "id" : "2QO7dk5VoVkOME84ZUXPkD",
          "name" : "Rhianna Vargas",
          "type" : "artist",
          "uri" : "spotify:artist:2QO7dk5VoVkOME84ZUXPkD"
        } ],
        "available_markets" : [ "AD", "AE", "AR", "AT", "AU", "BE", "BG", "BH", "BO", "BR", "CA", "CH", "CL", "CO", "CR", "CY", "CZ", "DE", "DK", "DO", "DZ", "EC", "EE", "EG", "ES", "FI", "FR", "GB", "GR", "GT", "HK", "HN", "HU", "ID", "IE", "IL", "IN", "IS", "IT", "JO", "JP", "KW", "LB", "LI", "LT", "LU", "LV", "MA", "MC", "MT", "MX", "MY", "NI", "NL", "NO", "NZ", "OM", "PA", "PE", "PH", "PL", "PS", "PT", "PY", "QA", "RO", "SA", "SE", "SG", "SK", "SV", "TH", "TN", "TR", "TW", "US", "UY", "VN", "ZA" ],
        "external_urls" : {
          "spotify" : "https://open.spotify.com/album/0w25rYNHdboB03pqN8BWy1"
        },
        "href" : "https://api.spotify.com/v1/albums/0w25rYNHdboB03pqN8BWy1",
        "id" : "0w25rYNHdboB03pqN8BWy1",
        "images" : [ {
          "height" : 640,
          "url" : "https://i.scdn.co/image/0dabc99192bdbfee9dad193d5f3a61038b64c855",
          "width" : 640
        }, {
          "height" : 300,
          "url" : "https://i.scdn.co/image/231273ed426c9f0ebd000b00962593d59f80bd2b",
          "width" : 300
        }, {
          "height" : 64,
          "url" : "https://i.scdn.co/image/3cfed9af471f11955feed2c423c67ac6463e2639",
          "width" : 64
        } ],
        "name" : "About Lastnight",
        "release_date" : "2018-07-28",
        "release_date_precision" : "day",
        "total_tracks" : 1,
        "type" : "album",
        "uri" : "spotify:album:0w25rYNHdboB03pqN8BWy1"
      },
      "artists" : [ {
        "external_urls" : {
          "spotify" : "https://open.spotify.com/artist/2QO7dk5VoVkOME84ZUXPkD"
        },
        "href" : "https://api.spotify.com/v1/artists/2QO7dk5VoVkOME84ZUXPkD",
        "id" : "2QO7dk5VoVkOME84ZUXPkD",
        "name" : "Rhianna Vargas",
        "type" : "artist",
        "uri" : "spotify:artist:2QO7dk5VoVkOME84ZUXPkD"
      } ],
      "available_markets" : [ "AD", "AE", "AR", "AT", "AU", "BE", "BG", "BH", "BO", "BR", "CA", "CH", "CL", "CO", "CR", "CY", "CZ", "DE", "DK", "DO", "DZ", "EC", "EE", "EG", "ES", "FI", "FR", "GB", "GR", "GT", "HK", "HN", "HU", "ID", "IE", "IL", "IN", "IS", "IT", "JO", "JP", "KW", "LB", "LI", "LT", "LU", "LV", "MA", "MC", "MT", "MX", "MY", "NI", "NL", "NO", "NZ", "OM", "PA", "PE", "PH", "PL", "PS", "PT", "PY", "QA", "RO", "SA", "SE", "SG", "SK", "SV", "TH", "TN", "TR", "TW", "US", "UY", "VN", "ZA" ],
      "disc_number" : 1,
      "duration_ms" : 129696,
      "explicit" : false,
      "external_ids" : {
        "isrc" : "QZAH61801745"
      },
      "external_urls" : {
        "spotify" : "https://open.spotify.com/track/03yI9gTFwN5UCZxiE32sXR"
      },
      "href" : "https://api.spotify.com/v1/tracks/03yI9gTFwN5UCZxiE32sXR",
      "id" : "03yI9gTFwN5UCZxiE32sXR",
      "is_local" : false,
      "name" : "About Lastnight",
      "popularity" : 6,
      "preview_url" : "https://p.scdn.co/mp3-preview/6799525aea3ce183d17baebb5ef5e6ae7f01e773?cid=9697a3a271d24deea38f8b7fbfa0e13c",
      "track_number" : 1,
      "type" : "track",
      "uri" : "spotify:track:03yI9gTFwN5UCZxiE32sXR"
    }, {
      "album" : {
        "album_type" : "album",
        "artists" : [ {
          "external_urls" : {
            "spotify" : "https://open.spotify.com/artist/7hriQuAPTOvK6n6XEipAkT"
          },
          "href" : "https://api.spotify.com/v1/artists/7hriQuAPTOvK6n6XEipAkT",
          "id" : "7hriQuAPTOvK6n6XEipAkT",
          "name" : "Raymond Froggatt",
          "type" : "artist",
          "uri" : "spotify:artist:7hriQuAPTOvK6n6XEipAkT"
        } ],
        "available_markets" : [ "AD", "AE", "AR", "AT", "AU", "BE", "BG", "BH", "BO", "BR", "CA", "CH", "CL", "CO", "CR", "CY", "CZ", "DE", "DK", "DO", "DZ", "EC", "EE", "EG", "ES", "FI", "FR", "GB", "GR", "GT", "HK", "HN", "HU", "ID", "IE", "IL", "IN", "IS", "IT", "JO", "JP", "KW", "LB", "LI", "LT", "LU", "LV", "MA", "MC", "MT", "MX", "MY", "NI", "NL", "NO", "NZ", "OM", "PA", "PE", "PH", "PL", "PS", "PT", "PY", "QA", "RO", "SA", "SE", "SG", "SK", "SV", "TH", "TN", "TR", "TW", "US", "UY", "VN", "ZA" ],
        "external_urls" : {
          "spotify" : "https://open.spotify.com/album/1bS6NrR7UJs5K4gygIXQ9N"
        },
        "href" : "https://api.spotify.com/v1/albums/1bS6NrR7UJs5K4gygIXQ9N",
        "id" : "1bS6NrR7UJs5K4gygIXQ9N",
        "images" : [ {
          "height" : 600,
          "url" : "https://i.scdn.co/image/41a102c2d7974f95d6bc04482fda379009d903e1",
          "width" : 600
        }, {
          "height" : 300,
          "url" : "https://i.scdn.co/image/0688bdbf82b3d27a29502be654878a6c1c5bab60",
          "width" : 300
        }, {
          "height" : 64,
          "url" : "https://i.scdn.co/image/db268ba4eaef6308a1bae9bc007bb8112b95564a",
          "width" : 64
        } ],
        "name" : "Just One Night In Concert Symphony Hall Birminghaam",
        "release_date" : "2004",
        "release_date_precision" : "year",
        "total_tracks" : 22,
        "type" : "album",
        "uri" : "spotify:album:1bS6NrR7UJs5K4gygIXQ9N"
      },
      "artists" : [ {
        "external_urls" : {
          "spotify" : "https://open.spotify.com/artist/7hriQuAPTOvK6n6XEipAkT"
        },
        "href" : "https://api.spotify.com/v1/artists/7hriQuAPTOvK6n6XEipAkT",
        "id" : "7hriQuAPTOvK6n6XEipAkT",
        "name" : "Raymond Froggatt",
        "type" : "artist",
        "uri" : "spotify:artist:7hriQuAPTOvK6n6XEipAkT"
      } ],
      "available_markets" : [ "AD", "AE", "AR", "AT", "AU", "BE", "BG", "BH", "BO", "BR", "CA", "CH", "CL", "CO", "CR", "CY", "CZ", "DE", "DK", "DO", "DZ", "EC", "EE", "EG", "ES", "FI", "FR", "GB", "GR", "GT", "HK", "HN", "HU", "ID", "IE", "IL", "IN", "IS", "IT", "JO", "JP", "KW", "LB", "LI", "LT", "LU", "LV", "MA", "MC", "MT", "MX", "MY", "NI", "NL", "NO", "NZ", "OM", "PA", "PE", "PH", "PL", "PS", "PT", "PY", "QA", "RO", "SA", "SE", "SG", "SK", "SV", "TH", "TN", "TR", "TW", "US", "UY", "VN", "ZA" ],
      "disc_number" : 1,
      "duration_ms" : 261120,
      "explicit" : false,
      "external_ids" : {
        "isrc" : "USJ3V1130747"
      },
      "external_urls" : {
        "spotify" : "https://open.spotify.com/track/4sgF3t6ftL8RDFtFRTdp6v"
      },
      "href" : "https://api.spotify.com/v1/tracks/4sgF3t6ftL8RDFtFRTdp6v",
      "id" : "4sgF3t6ftL8RDFtFRTdp6v",
      "is_local" : false,
      "name" : "Rhianna",
      "popularity" : 0,
      "preview_url" : "https://p.scdn.co/mp3-preview/aba18838b99c8ff18b83955df8fbcd7c8364e866?cid=9697a3a271d24deea38f8b7fbfa0e13c",
      "track_number" : 7,
      "type" : "track",
      "uri" : "spotify:track:4sgF3t6ftL8RDFtFRTdp6v"
    }, {
      "album" : {
        "album_type" : "album",
        "artists" : [ {
          "external_urls" : {
            "spotify" : "https://open.spotify.com/artist/7mgFAgg58TZpu4P6U2OYfF"
          },
          "href" : "https://api.spotify.com/v1/artists/7mgFAgg58TZpu4P6U2OYfF",
          "id" : "7mgFAgg58TZpu4P6U2OYfF",
          "name" : "7th Heaven",
          "type" : "artist",
          "uri" : "spotify:artist:7mgFAgg58TZpu4P6U2OYfF"
        } ],
        "available_markets" : [ "AD", "AE", "AR", "AT", "AU", "BE", "BG", "BH", "BO", "BR", "CA", "CH", "CL", "CO", "CR", "CY", "CZ", "DE", "DK", "DO", "DZ", "EC", "EE", "EG", "ES", "FI", "FR", "GB", "GR", "GT", "HK", "HN", "HU", "ID", "IE", "IL", "IN", "IS", "IT", "JO", "JP", "KW", "LB", "LI", "LT", "LU", "LV", "MA", "MC", "MT", "MX", "MY", "NI", "NL", "NO", "NZ", "OM", "PA", "PE", "PH", "PL", "PS", "PT", "PY", "QA", "RO", "SA", "SE", "SG", "SK", "SV", "TH", "TN", "TR", "TW", "US", "UY", "VN", "ZA" ],
        "external_urls" : {
          "spotify" : "https://open.spotify.com/album/5EbdYd4GUBp3oravb3l0Xy"
        },
        "href" : "https://api.spotify.com/v1/albums/5EbdYd4GUBp3oravb3l0Xy",
        "id" : "5EbdYd4GUBp3oravb3l0Xy",
        "images" : [ {
          "height" : 640,
          "url" : "https://i.scdn.co/image/114cebec1cfe306e3a2f442839de80f08ba3be24",
          "width" : 640
        }, {
          "height" : 300,
          "url" : "https://i.scdn.co/image/ceb5450694773c81cfbb61521c206f8ce19a5755",
          "width" : 300
        }, {
          "height" : 64,
          "url" : "https://i.scdn.co/image/9b671fd17958b17f039b83df7c554cda2454fe1d",
          "width" : 64
        } ],
        "name" : "Synergy",
        "release_date" : "2017-08-27",
        "release_date_precision" : "day",
        "total_tracks" : 12,
        "type" : "album",
        "uri" : "spotify:album:5EbdYd4GUBp3oravb3l0Xy"
      },
      "artists" : [ {
        "external_urls" : {
          "spotify" : "https://open.spotify.com/artist/7mgFAgg58TZpu4P6U2OYfF"
        },
        "href" : "https://api.spotify.com/v1/artists/7mgFAgg58TZpu4P6U2OYfF",
        "id" : "7mgFAgg58TZpu4P6U2OYfF",
        "name" : "7th Heaven",
        "type" : "artist",
        "uri" : "spotify:artist:7mgFAgg58TZpu4P6U2OYfF"
      } ],
      "available_markets" : [ "AD", "AE", "AR", "AT", "AU", "BE", "BG", "BH", "BO", "BR", "CA", "CH", "CL", "CO", "CR", "CY", "CZ", "DE", "DK", "DO", "DZ", "EC", "EE", "EG", "ES", "FI", "FR", "GB", "GR", "GT", "HK", "HN", "HU", "ID", "IE", "IL", "IN", "IS", "IT", "JO", "JP", "KW", "LB", "LI", "LT", "LU", "LV", "MA", "MC", "MT", "MX", "MY", "NI", "NL", "NO", "NZ", "OM", "PA", "PE", "PH", "PL", "PS", "PT", "PY", "QA", "RO", "SA", "SE", "SG", "SK", "SV", "TH", "TN", "TR", "TW", "US", "UY", "VN", "ZA" ],
      "disc_number" : 1,
      "duration_ms" : 205560,
      "explicit" : false,
      "external_ids" : {
        "isrc" : "USB421300005"
      },
      "external_urls" : {
        "spotify" : "https://open.spotify.com/track/2lhNtfbcwbW73YjZ1gBDWn"
      },
      "href" : "https://api.spotify.com/v1/tracks/2lhNtfbcwbW73YjZ1gBDWn",
      "id" : "2lhNtfbcwbW73YjZ1gBDWn",
      "is_local" : false,
      "name" : "Rhianna",
      "popularity" : 0,
      "preview_url" : "https://p.scdn.co/mp3-preview/74ba3d87274fcc837969223178a1b2af17172bbc?cid=9697a3a271d24deea38f8b7fbfa0e13c",
      "track_number" : 5,
      "type" : "track",
      "uri" : "spotify:track:2lhNtfbcwbW73YjZ1gBDWn"
    }, {
      "album" : {
        "album_type" : "single",
        "artists" : [ {
          "external_urls" : {
            "spotify" : "https://open.spotify.com/artist/2uuT5yM6u298Or1PtkA352"
          },
          "href" : "https://api.spotify.com/v1/artists/2uuT5yM6u298Or1PtkA352",
          "id" : "2uuT5yM6u298Or1PtkA352",
          "name" : "Jon Marco",
          "type" : "artist",
          "uri" : "spotify:artist:2uuT5yM6u298Or1PtkA352"
        } ],
        "available_markets" : [ "AD", "AE", "AR", "AT", "AU", "BE", "BG", "BH", "BO", "BR", "CA", "CH", "CL", "CO", "CR", "CY", "CZ", "DE", "DK", "DO", "DZ", "EC", "EE", "EG", "ES", "FI", "FR", "GB", "GR", "GT", "HK", "HN", "HU", "ID", "IE", "IL", "IN", "IS", "IT", "JO", "JP", "KW", "LB", "LI", "LT", "LU", "LV", "MA", "MC", "MT", "MX", "MY", "NI", "NL", "NO", "NZ", "OM", "PA", "PE", "PH", "PL", "PS", "PT", "PY", "QA", "RO", "SA", "SE", "SG", "SK", "SV", "TH", "TN", "TR", "TW", "US", "UY", "VN", "ZA" ],
        "external_urls" : {
          "spotify" : "https://open.spotify.com/album/3xuVjA0jnCeIcI7uKSHJou"
        },
        "href" : "https://api.spotify.com/v1/albums/3xuVjA0jnCeIcI7uKSHJou",
        "id" : "3xuVjA0jnCeIcI7uKSHJou",
        "images" : [ {
          "height" : 640,
          "url" : "https://i.scdn.co/image/9e2abb9adb0de5db5d985026ee52eef7ba322c46",
          "width" : 640
        }, {
          "height" : 300,
          "url" : "https://i.scdn.co/image/a236a00cc90330d6482e8d038958d4fcf22e3411",
          "width" : 300
        }, {
          "height" : 64,
          "url" : "https://i.scdn.co/image/bf2b4c4c4182f7991ef39621a3615dd84c4149f6",
          "width" : 64
        } ],
        "name" : "Jon Marco",
        "release_date" : "2013-02-14",
        "release_date_precision" : "day",
        "total_tracks" : 5,
        "type" : "album",
        "uri" : "spotify:album:3xuVjA0jnCeIcI7uKSHJou"
      },
      "artists" : [ {
        "external_urls" : {
          "spotify" : "https://open.spotify.com/artist/2uuT5yM6u298Or1PtkA352"
        },
        "href" : "https://api.spotify.com/v1/artists/2uuT5yM6u298Or1PtkA352",
        "id" : "2uuT5yM6u298Or1PtkA352",
        "name" : "Jon Marco",
        "type" : "artist",
        "uri" : "spotify:artist:2uuT5yM6u298Or1PtkA352"
      } ],
      "available_markets" : [ "AD", "AE", "AR", "AT", "AU", "BE", "BG", "BH", "BO", "BR", "CA", "CH", "CL", "CO", "CR", "CY", "CZ", "DE", "DK", "DO", "DZ", "EC", "EE", "EG", "ES", "FI", "FR", "GB", "GR", "GT", "HK", "HN", "HU", "ID", "IE", "IL", "IN", "IS", "IT", "JO", "JP", "KW", "LB", "LI", "LT", "LU", "LV", "MA", "MC", "MT", "MX", "MY", "NI", "NL", "NO", "NZ", "OM", "PA", "PE", "PH", "PL", "PS", "PT", "PY", "QA", "RO", "SA", "SE", "SG", "SK", "SV", "TH", "TN", "TR", "TW", "US", "UY", "VN", "ZA" ],
      "disc_number" : 1,
      "duration_ms" : 224973,
      "explicit" : false,
      "external_ids" : {
        "isrc" : "uscgh1355927"
      },
      "external_urls" : {
        "spotify" : "https://open.spotify.com/track/4737DagBsjBzJIzIPlHW9h"
      },
      "href" : "https://api.spotify.com/v1/tracks/4737DagBsjBzJIzIPlHW9h",
      "id" : "4737DagBsjBzJIzIPlHW9h",
      "is_local" : false,
      "name" : "Rhianna",
      "popularity" : 0,
      "preview_url" : "https://p.scdn.co/mp3-preview/0992d44abdb78a6e60961c7d23743a882d3b66a8?cid=9697a3a271d24deea38f8b7fbfa0e13c",
      "track_number" : 1,
      "type" : "track",
      "uri" : "spotify:track:4737DagBsjBzJIzIPlHW9h"
    }, {
      "album" : {
        "album_type" : "single",
        "artists" : [ {
          "external_urls" : {
            "spotify" : "https://open.spotify.com/artist/0m1iRuqEx9pWldr759Umkk"
          },
          "href" : "https://api.spotify.com/v1/artists/0m1iRuqEx9pWldr759Umkk",
          "id" : "0m1iRuqEx9pWldr759Umkk",
          "name" : "Good Vybz",
          "type" : "artist",
          "uri" : "spotify:artist:0m1iRuqEx9pWldr759Umkk"
        } ],
        "available_markets" : [ "AD", "AE", "AR", "AT", "AU", "BE", "BG", "BH", "BO", "BR", "CA", "CH", "CL", "CO", "CR", "CY", "CZ", "DE", "DK", "DO", "DZ", "EC", "EE", "EG", "ES", "FI", "FR", "GB", "GR", "GT", "HK", "HN", "HU", "ID", "IE", "IL", "IN", "IS", "IT", "JO", "JP", "KW", "LB", "LI", "LT", "LU", "LV", "MA", "MC", "MT", "MX", "MY", "NI", "NL", "NO", "NZ", "OM", "PA", "PE", "PH", "PL", "PS", "PT", "PY", "QA", "RO", "SA", "SE", "SG", "SK", "SV", "TH", "TN", "TR", "TW", "US", "UY", "VN", "ZA" ],
        "external_urls" : {
          "spotify" : "https://open.spotify.com/album/76ccPeMdqCjeGpJFEa6xuD"
        },
        "href" : "https://api.spotify.com/v1/albums/76ccPeMdqCjeGpJFEa6xuD",
        "id" : "76ccPeMdqCjeGpJFEa6xuD",
        "images" : [ {
          "height" : 640,
          "url" : "https://i.scdn.co/image/0195f83f858d209a01b1fbb4bb888b1e46a62fa6",
          "width" : 640
        }, {
          "height" : 300,
          "url" : "https://i.scdn.co/image/5ee9286694a7cc836da51f17dcb5e03c3e6c0ef6",
          "width" : 300
        }, {
          "height" : 64,
          "url" : "https://i.scdn.co/image/fed4e348f8c790871f4500b9b1cfa439d85c9fee",
          "width" : 64
        } ],
        "name" : "Good Energy",
        "release_date" : "2016-08-12",
        "release_date_precision" : "day",
        "total_tracks" : 6,
        "type" : "album",
        "uri" : "spotify:album:76ccPeMdqCjeGpJFEa6xuD"
      },
      "artists" : [ {
        "external_urls" : {
          "spotify" : "https://open.spotify.com/artist/0m1iRuqEx9pWldr759Umkk"
        },
        "href" : "https://api.spotify.com/v1/artists/0m1iRuqEx9pWldr759Umkk",
        "id" : "0m1iRuqEx9pWldr759Umkk",
        "name" : "Good Vybz",
        "type" : "artist",
        "uri" : "spotify:artist:0m1iRuqEx9pWldr759Umkk"
      } ],
      "available_markets" : [ "AD", "AE", "AR", "AT", "AU", "BE", "BG", "BH", "BO", "BR", "CA", "CH", "CL", "CO", "CR", "CY", "CZ", "DE", "DK", "DO", "DZ", "EC", "EE", "EG", "ES", "FI", "FR", "GB", "GR", "GT", "HK", "HN", "HU", "ID", "IE", "IL", "IN", "IS", "IT", "JO", "JP", "KW", "LB", "LI", "LT", "LU", "LV", "MA", "MC", "MT", "MX", "MY", "NI", "NL", "NO", "NZ", "OM", "PA", "PE", "PH", "PL", "PS", "PT", "PY", "QA", "RO", "SA", "SE", "SG", "SK", "SV", "TH", "TN", "TR", "TW", "US", "UY", "VN", "ZA" ],
      "disc_number" : 1,
      "duration_ms" : 188316,
      "explicit" : true,
      "external_ids" : {
        "isrc" : "GB-SMU-28-71085"
      },
      "external_urls" : {
        "spotify" : "https://open.spotify.com/track/0uChRPSln7ZtdDpU70Wr16"
      },
      "href" : "https://api.spotify.com/v1/tracks/0uChRPSln7ZtdDpU70Wr16",
      "id" : "0uChRPSln7ZtdDpU70Wr16",
      "is_local" : false,
      "name" : "Rhianna",
      "popularity" : 0,
      "preview_url" : "https://p.scdn.co/mp3-preview/3b647b90aad6e477de0df82d330efe2b87e90f3c?cid=9697a3a271d24deea38f8b7fbfa0e13c",
      "track_number" : 1,
      "type" : "track",
      "uri" : "spotify:track:0uChRPSln7ZtdDpU70Wr16"
    }, {
      "album" : {
        "album_type" : "album",
        "artists" : [ {
          "external_urls" : {
            "spotify" : "https://open.spotify.com/artist/7hriQuAPTOvK6n6XEipAkT"
          },
          "href" : "https://api.spotify.com/v1/artists/7hriQuAPTOvK6n6XEipAkT",
          "id" : "7hriQuAPTOvK6n6XEipAkT",
          "name" : "Raymond Froggatt",
          "type" : "artist",
          "uri" : "spotify:artist:7hriQuAPTOvK6n6XEipAkT"
        } ],
        "available_markets" : [ "AD", "AE", "AR", "AT", "AU", "BE", "BG", "BH", "BO", "BR", "CA", "CH", "CL", "CO", "CR", "CY", "CZ", "DE", "DK", "DO", "DZ", "EC", "EE", "EG", "ES", "FI", "FR", "GB", "GR", "GT", "HK", "HN", "HU", "ID", "IE", "IL", "IN", "IS", "IT", "JO", "JP", "KW", "LB", "LI", "LT", "LU", "LV", "MA", "MC", "MT", "MX", "MY", "NI", "NL", "NO", "NZ", "OM", "PA", "PE", "PH", "PL", "PS", "PT", "PY", "QA", "RO", "SA", "SE", "SG", "SK", "SV", "TH", "TN", "TR", "TW", "US", "UY", "VN", "ZA" ],
        "external_urls" : {
          "spotify" : "https://open.spotify.com/album/6uVGqCaWoU8wPqxncWXZTJ"
        },
        "href" : "https://api.spotify.com/v1/albums/6uVGqCaWoU8wPqxncWXZTJ",
        "id" : "6uVGqCaWoU8wPqxncWXZTJ",
        "images" : [ {
          "height" : 640,
          "url" : "https://i.scdn.co/image/f7491a4703aba68cab0223f899b5f417ab644ae8",
          "width" : 640
        }, {
          "height" : 300,
          "url" : "https://i.scdn.co/image/1f7df51cddfc6e3414e2158c3b3f378cc4dfa009",
          "width" : 300
        }, {
          "height" : 64,
          "url" : "https://i.scdn.co/image/50173ef3a5eacdb5177c7174a721698ff23176f6",
          "width" : 64
        } ],
        "name" : "Songland 40",
        "release_date" : "2004",
        "release_date_precision" : "year",
        "total_tracks" : 11,
        "type" : "album",
        "uri" : "spotify:album:6uVGqCaWoU8wPqxncWXZTJ"
      },
      "artists" : [ {
        "external_urls" : {
          "spotify" : "https://open.spotify.com/artist/7hriQuAPTOvK6n6XEipAkT"
        },
        "href" : "https://api.spotify.com/v1/artists/7hriQuAPTOvK6n6XEipAkT",
        "id" : "7hriQuAPTOvK6n6XEipAkT",
        "name" : "Raymond Froggatt",
        "type" : "artist",
        "uri" : "spotify:artist:7hriQuAPTOvK6n6XEipAkT"
      } ],
      "available_markets" : [ "AD", "AE", "AR", "AT", "AU", "BE", "BG", "BH", "BO", "BR", "CA", "CH", "CL", "CO", "CR", "CY", "CZ", "DE", "DK", "DO", "DZ", "EC", "EE", "EG", "ES", "FI", "FR", "GB", "GR", "GT", "HK", "HN", "HU", "ID", "IE", "IL", "IN", "IS", "IT", "JO", "JP", "KW", "LB", "LI", "LT", "LU", "LV", "MA", "MC", "MT", "MX", "MY", "NI", "NL", "NO", "NZ", "OM", "PA", "PE", "PH", "PL", "PS", "PT", "PY", "QA", "RO", "SA", "SE", "SG", "SK", "SV", "TH", "TN", "TR", "TW", "US", "UY", "VN", "ZA" ],
      "disc_number" : 1,
      "duration_ms" : 217364,
      "explicit" : false,
      "external_ids" : {
        "isrc" : "USJ3V1282064"
      },
      "external_urls" : {
        "spotify" : "https://open.spotify.com/track/2YbyvmgmDhZ3ggqE59cHsK"
      },
      "href" : "https://api.spotify.com/v1/tracks/2YbyvmgmDhZ3ggqE59cHsK",
      "id" : "2YbyvmgmDhZ3ggqE59cHsK",
      "is_local" : false,
      "name" : "Rhianna",
      "popularity" : 0,
      "preview_url" : "https://p.scdn.co/mp3-preview/048e6023c1e5571120fec7d61b4cd8888a382c39?cid=9697a3a271d24deea38f8b7fbfa0e13c",
      "track_number" : 1,
      "type" : "track",
      "uri" : "spotify:track:2YbyvmgmDhZ3ggqE59cHsK"
    }, {
      "album" : {
        "album_type" : "album",
        "artists" : [ {
          "external_urls" : {
            "spotify" : "https://open.spotify.com/artist/7dnObjfvz6rziMUjdKRgDv"
          },
          "href" : "https://api.spotify.com/v1/artists/7dnObjfvz6rziMUjdKRgDv",
          "id" : "7dnObjfvz6rziMUjdKRgDv",
          "name" : "SAM unplugged",
          "type" : "artist",
          "uri" : "spotify:artist:7dnObjfvz6rziMUjdKRgDv"
        } ],
        "available_markets" : [ "AD", "AE", "AR", "AT", "AU", "BE", "BG", "BH", "BO", "BR", "CA", "CH", "CL", "CO", "CR", "CY", "CZ", "DE", "DK", "DO", "DZ", "EC", "EE", "EG", "ES", "FI", "FR", "GB", "GR", "GT", "HK", "HN", "HU", "ID", "IE", "IL", "IN", "IS", "IT", "JO", "JP", "KW", "LB", "LI", "LT", "LU", "LV", "MA", "MC", "MT", "MX", "MY", "NI", "NL", "NO", "NZ", "OM", "PA", "PE", "PH", "PL", "PS", "PT", "PY", "QA", "RO", "SA", "SE", "SG", "SK", "SV", "TH", "TN", "TR", "TW", "US", "UY", "VN", "ZA" ],
        "external_urls" : {
          "spotify" : "https://open.spotify.com/album/5gAJdKIUGW0bdSy5xtJPna"
        },
        "href" : "https://api.spotify.com/v1/albums/5gAJdKIUGW0bdSy5xtJPna",
        "id" : "5gAJdKIUGW0bdSy5xtJPna",
        "images" : [ {
          "height" : 640,
          "url" : "https://i.scdn.co/image/a87d1c7364083790d8ea771a951b20314a7c5afd",
          "width" : 640
        }, {
          "height" : 300,
          "url" : "https://i.scdn.co/image/c4ec4024edd07d10d5058e49bc876b5eb27d2fc5",
          "width" : 300
        }, {
          "height" : 64,
          "url" : "https://i.scdn.co/image/56b7ade97288b749d0c23ac378dea1db4a899074",
          "width" : 64
        } ],
        "name" : "Lebe wild!",
        "release_date" : "2018-12-08",
        "release_date_precision" : "day",
        "total_tracks" : 12,
        "type" : "album",
        "uri" : "spotify:album:5gAJdKIUGW0bdSy5xtJPna"
      },
      "artists" : [ {
        "external_urls" : {
          "spotify" : "https://open.spotify.com/artist/7dnObjfvz6rziMUjdKRgDv"
        },
        "href" : "https://api.spotify.com/v1/artists/7dnObjfvz6rziMUjdKRgDv",
        "id" : "7dnObjfvz6rziMUjdKRgDv",
        "name" : "SAM unplugged",
        "type" : "artist",
        "uri" : "spotify:artist:7dnObjfvz6rziMUjdKRgDv"
      } ],
      "available_markets" : [ "AD", "AE", "AR", "AT", "AU", "BE", "BG", "BH", "BO", "BR", "CA", "CH", "CL", "CO", "CR", "CY", "CZ", "DE", "DK", "DO", "DZ", "EC", "EE", "EG", "ES", "FI", "FR", "GB", "GR", "GT", "HK", "HN", "HU", "ID", "IE", "IL", "IN", "IS", "IT", "JO", "JP", "KW", "LB", "LI", "LT", "LU", "LV", "MA", "MC", "MT", "MX", "MY", "NI", "NL", "NO", "NZ", "OM", "PA", "PE", "PH", "PL", "PS", "PT", "PY", "QA", "RO", "SA", "SE", "SG", "SK", "SV", "TH", "TN", "TR", "TW", "US", "UY", "VN", "ZA" ],
      "disc_number" : 1,
      "duration_ms" : 372587,
      "explicit" : false,
      "external_ids" : {
        "isrc" : "ATSM21300004"
      },
      "external_urls" : {
        "spotify" : "https://open.spotify.com/track/55WMR7gfLMOaC0WBgmNc8t"
      },
      "href" : "https://api.spotify.com/v1/tracks/55WMR7gfLMOaC0WBgmNc8t",
      "id" : "55WMR7gfLMOaC0WBgmNc8t",
      "is_local" : false,
      "name" : "Rhianna",
      "popularity" : 0,
      "preview_url" : "https://p.scdn.co/mp3-preview/0895d48fae190f37d4423a8cd579541e73bf8a77?cid=9697a3a271d24deea38f8b7fbfa0e13c",
      "track_number" : 4,
      "type" : "track",
      "uri" : "spotify:track:55WMR7gfLMOaC0WBgmNc8t"
    } ],
    "limit" : 20,
    "next" : "https://api.spotify.com/v1/search?query=Rhianna&type=track&offset=20&limit=20",
    "offset" : 0,
    "previous" : null,
    "total" : 255
  }
}