{
  "artists" : {
    "href" : "https://api.spotify.com/v1/search?query=rihanna&type=artist&offset=0&limit=20",
    "items" : [ {
      "external_urls" : {
        "spotify" : "https://open.spotify.com/artist/5pKCCKE2ajJHZ9KAiaK11H"
      },
      "followers" : {
        "href" : null,
        "total" : 31690995
      },
      "genres" : [ "dance pop", "pop", "post-teen pop", "r&b", "urban contemporary" ],
      "href" : "https://api.spotify.com/v1/artists/5pKCCKE2ajJHZ9KAiaK11H",
      "id" : "5pKCCKE2ajJHZ9KAiaK11H",
      "images" : [ {
        "height" : 640,
        "url" : "https://i.scdn.co/image/1fc2f537d678d701d7d143a8fd4f0c2f29fbde22",
        "width" : 640
      }, {
        "height" : 320,
        "url" : "https://i.scdn.co/image/e8a018bfd60bf25519fd4dc8ca941263afa66651",
        "width" : 320
      }, {
        "height" : 160,
        "url" : "https://i.scdn.co/image/9dfb8baea10b330f5400922ec4d40d01922e805b",
        "width" : 160
      } ],
      "name" : "Rihanna",
      "popularity" : 91,
      "type" : "artist",
      "uri" : "spotify:artist:5pKCCKE2ajJHZ9KAiaK11H"
    }, {
      "external_urls" : {
        "spotify" : "https://open.spotify.com/artist/2VSbwSOaGywKZ8S1MyVk6H"
      },
      "followers" : {
        "href" : null,
        "total" : 27
      },
      "genres" : [ ],
      "href" : "https://api.spotify.com/v1/artists/2VSbwSOaGywKZ8S1MyVk6H",
      "id" : "2VSbwSOaGywKZ8S1MyVk6H",
      "images" : [ ],
      "name" : "Rebecca Rihanna",
      "popularity" : 1,
      "type" : "artist",
      "uri" : "spotify:artist:2VSbwSOaGywKZ8S1MyVk6H"
    }, {
      "external_urls" : {
        "spotify" : "https://open.spotify.com/artist/4evsbyR4r4vo6QfoPRC5Tg"
      },
      "followers" : {
        "href" : null,
        "total" : 247
      },
      "genres" : [ ],
      "href" : "https://api.spotify.com/v1/artists/4evsbyR4r4vo6QfoPRC5Tg",
      "id" : "4evsbyR4r4vo6QfoPRC5Tg",
      "images" : [ ],
      "name" : "Rihanna Paige",
      "popularity" : 0,
      "type" : "artist",
      "uri" : "spotify:artist:4evsbyR4r4vo6QfoPRC5Tg"
    }, {
      "external_urls" : {
        "spotify" : "https://open.spotify.com/artist/4pSWDyXmjyMGQKRzDrqyag"
      },
      "followers" : {
        "href" : null,
        "total" : 77
      },
      "genres" : [ ],
      "href" : "https://api.spotify.com/v1/artists/4pSWDyXmjyMGQKRzDrqyag",
      "id" : "4pSWDyXmjyMGQKRzDrqyag",
      "images" : [ ],
      "name" : "Rihanna Nicole",
      "popularity" : 0,
      "type" : "artist",
      "uri" : "spotify:artist:4pSWDyXmjyMGQKRzDrqyag"
    }, {
      "external_urls" : {
        "spotify" : "https://open.spotify.com/artist/6ZMElZVjKXjGvfNgCjdCAm"
      },
      "followers" : {
        "href" : null,
        "total" : 65
      },
      "genres" : [ ],
      "href" : "https://api.spotify.com/v1/artists/6ZMElZVjKXjGvfNgCjdCAm",
      "id" : "6ZMElZVjKXjGvfNgCjdCAm",
      "images" : [ {
        "height" : 640,
        "url" : "https://i.scdn.co/image/94c829d6fbcfdfd2813c710b696d12da6f1f7b42",
        "width" : 640
      }, {
        "height" : 300,
        "url" : "https://i.scdn.co/image/30a00177dade33077174533858fb2440b6486403",
        "width" : 300
      }, {
        "height" : 64,
        "url" : "https://i.scdn.co/image/327e4e8beaa1a7bc4a5b747b756f1f374c2fb740",
        "width" : 64
      } ],
      "name" : "Rihanna Henderson",
      "popularity" : 1,
      "type" : "artist",
      "uri" : "spotify:artist:6ZMElZVjKXjGvfNgCjdCAm"
    }, {
      "external_urls" : {
        "spotify" : "https://open.spotify.com/artist/7iSyRLMVFWXbP1t3Nzq27X"
      },
      "followers" : {
        "href" : null,
        "total" : 756
      },
      "genres" : [ ],
      "href" : "https://api.spotify.com/v1/artists/7iSyRLMVFWXbP1t3Nzq27X",
      "id" : "7iSyRLMVFWXbP1t3Nzq27X",
      "images" : [ ],
      "name" : "Rihanna Johnson",
      "popularity" : 11,
      "type" : "artist",
      "uri" : "spotify:artist:7iSyRLMVFWXbP1t3Nzq27X"
    }, {
      "external_urls" : {
        "spotify" : "https://open.spotify.com/artist/03gYBRh1ngdHPOJv8TD5Bn"
      },
      "followers" : {
        "href" : null,
        "total" : 613
      },
      "genres" : [ ],
      "href" : "https://api.spotify.com/v1/artists/03gYBRh1ngdHPOJv8TD5Bn",
      "id" : "03gYBRh1ngdHPOJv8TD5Bn",
      "images" : [ {
        "height" : 640,
        "url" : "https://i.scdn.co/image/7518d8dc01d2a8227bb7c83af8f8649dcfb02380",
        "width" : 640
      }, {
        "height" : 300,
        "url" : "https://i.scdn.co/image/949a193a4a379ecde3e34a4805f3a6c72b1680b2",
        "width" : 300
      }, {
        "height" : 64,
        "url" : "https://i.scdn.co/image/29bb6d905f7a76f9343604bccfe9226b7e571ba3",
        "width" : 64
      } ],
      "name" : "Fran London feat. Rihanna",
      "popularity" : 0,
      "type" : "artist",
      "uri" : "spotify:artist:03gYBRh1ngdHPOJv8TD5Bn"
    }, {
      "external_urls" : {
        "spotify" : "https://open.spotify.com/artist/2EJb6ILl6VzvGYb3d2ao6C"
      },
      "followers" : {
        "href" : null,
        "total" : 78
      },
      "genres" : [ ],
      "href" : "https://api.spotify.com/v1/artists/2EJb6ILl6VzvGYb3d2ao6C",
      "id" : "2EJb6ILl6VzvGYb3d2ao6C",
      "images" : [ ],
      "name" : "Made Famous By Rihanna & David Guetta",
      "popularity" : 18,
      "type" : "artist",
      "uri" : "spotify:artist:2EJb6ILl6VzvGYb3d2ao6C"
    }, {
      "external_urls" : {
        "spotify" : "https://open.spotify.com/artist/1FSBOmsZvUb3sjGO0EeFkA"
      },
      "followers" : {
        "href" : null,
        "total" : 211
      },
      "genres" : [ ],
      "href" : "https://api.spotify.com/v1/artists/1FSBOmsZvUb3sjGO0EeFkA",
      "id" : "1FSBOmsZvUb3sjGO0EeFkA",
      "images" : [ ],
      "name" : "Rihanna & Kanye West",
      "popularity" : 0,
      "type" : "artist",
      "uri" : "spotify:artist:1FSBOmsZvUb3sjGO0EeFkA"
    }, {
      "external_urls" : {
        "spotify" : "https://open.spotify.com/artist/1syzmu1DyjEfn74lJsEHD9"
      },
      "followers" : {
        "href" : null,
        "total" : 103
      },
      "genres" : [ ],
      "href" : "https://api.spotify.com/v1/artists/1syzmu1DyjEfn74lJsEHD9",
      "id" : "1syzmu1DyjEfn74lJsEHD9",
      "images" : [ {
        "height" : 640,
        "url" : "https://i.scdn.co/image/b142629e7f7208630a65a2b079ea47ab7acbb728",
        "width" : 640
      }, {
        "height" : 300,
        "url" : "https://i.scdn.co/image/55bc093f7ed29acf51021361053c383b1d624876",
        "width" : 300
      }, {
        "height" : 64,
        "url" : "https://i.scdn.co/image/dec99d1b8ba197211d8d8ec27376e48d49b097d5",
        "width" : 64
      } ],
      "name" : "Tribute to Rihanna",
      "popularity" : 0,
      "type" : "artist",
      "uri" : "spotify:artist:1syzmu1DyjEfn74lJsEHD9"
    }, {
      "external_urls" : {
        "spotify" : "https://open.spotify.com/artist/2tQg9iEKBFOUuJCHcNsoJl"
      },
      "followers" : {
        "href" : null,
        "total" : 138
      },
      "genres" : [ ],
      "href" : "https://api.spotify.com/v1/artists/2tQg9iEKBFOUuJCHcNsoJl",
      "id" : "2tQg9iEKBFOUuJCHcNsoJl",
      "images" : [ {
        "height" : 640,
        "url" : "https://i.scdn.co/image/7de8ed7f64832e7b4a7c14ce283770fbe919405c",
        "width" : 640
      }, {
        "height" : 300,
        "url" : "https://i.scdn.co/image/d11ac2283666a0d64b66cc2af7d91b26fccf4639",
        "width" : 300
      }, {
        "height" : 64,
        "url" : "https://i.scdn.co/image/d94a49725de68fd8f8db71820c4b428110942d8a",
        "width" : 64
      } ],
      "name" : "The Rihanna Tributors",
      "popularity" : 0,
      "type" : "artist",
      "uri" : "spotify:artist:2tQg9iEKBFOUuJCHcNsoJl"
    }, {
      "external_urls" : {
        "spotify" : "https://open.spotify.com/artist/43Qktap74HhjP3Uyi801zn"
      },
      "followers" : {
        "href" : null,
        "total" : 1813
      },
      "genres" : [ ],
      "href" : "https://api.spotify.com/v1/artists/43Qktap74HhjP3Uyi801zn",
      "id" : "43Qktap74HhjP3Uyi801zn",
      "images" : [ {
        "height" : 640,
        "url" : "https://i.scdn.co/image/ebbc7592e0d666662d9109c6cda1060d5d4b8077",
        "width" : 640
      }, {
        "height" : 300,
        "url" : "https://i.scdn.co/image/bbeb7541aa9009ba97aa5ef39e6b6ac941c6cb61",
        "width" : 300
      }, {
        "height" : 64,
        "url" : "https://i.scdn.co/image/3a971642a6d9f623f069c2c2dccaee7f21ff6d5a",
        "width" : 64
      } ],
      "name" : "Rihanna Cover Band",
      "popularity" : 2,
      "type" : "artist",
      "uri" : "spotify:artist:43Qktap74HhjP3Uyi801zn"
    }, {
      "external_urls" : {
        "spotify" : "https://open.spotify.com/artist/4UAaLZxRSmNLZYMADwxP1W"
      },
      "followers" : {
        "href" : null,
        "total" : 105
      },
      "genres" : [ ],
      "href" : "https://api.spotify.com/v1/artists/4UAaLZxRSmNLZYMADwxP1W",
      "id" : "4UAaLZxRSmNLZYMADwxP1W",
      "images" : [ {
        "height" : 640,
        "url" : "https://i.scdn.co/image/bf18229ed164053932d4d2ea0f2e01ea78d94878",
        "width" : 640
      }, {
        "height" : 300,
        "url" : "https://i.scdn.co/image/e4891de5ba04d3b91e1dde36b954ebab98249efd",
        "width" : 300
      }, {
        "height" : 64,
        "url" : "https://i.scdn.co/image/fe84a88b96912fe4f74b9ebc3d733e96a0cae507",
        "width" : 64
      } ],
      "name" : "Rihanna Karaoke's Band",
      "popularity" : 0,
      "type" : "artist",
      "uri" : "spotify:artist:4UAaLZxRSmNLZYMADwxP1W"
    }, {
      "external_urls" : {
        "spotify" : "https://open.spotify.com/artist/6AnrAe0LJOeVVDgv655x3D"
      },
      "followers" : {
        "href" : null,
        "total" : 75
      },
      "genres" : [ ],
      "href" : "https://api.spotify.com/v1/artists/6AnrAe0LJOeVVDgv655x3D",
      "id" : "6AnrAe0LJOeVVDgv655x3D",
      "images" : [ {
        "height" : 640,
        "url" : "https://i.scdn.co/image/d4d3f545f00d4c308d6e32a1476ee487be9d121f",
        "width" : 640
      }, {
        "height" : 300,
        "url" : "https://i.scdn.co/image/9cb39f9efb679da7e6a7d7b8335f64d72d9b9454",
        "width" : 300
      }, {
        "height" : 64,
        "url" : "https://i.scdn.co/image/00efe35dc787e03b61f13074a7fc201fee746948",
        "width" : 64
      } ],
      "name" : "Rihanna Karaoke Band",
      "popularity" : 0,
      "type" : "artist",
      "uri" : "spotify:artist:6AnrAe0LJOeVVDgv655x3D"
    }, {
      "external_urls" : {
        "spotify" : "https://open.spotify.com/artist/790xzxqtY55Kk3bNiuP3np"
      },
      "followers" : {
        "href" : null,
        "total" : 46
      },
      "genres" : [ ],
      "href" : "https://api.spotify.com/v1/artists/790xzxqtY55Kk3bNiuP3np",
      "id" : "790xzxqtY55Kk3bNiuP3np",
      "images" : [ ],
      "name" : "Made famous by Rihanna",
      "popularity" : 7,
      "type" : "artist",
      "uri" : "spotify:artist:790xzxqtY55Kk3bNiuP3np"
    }, {
      "external_urls" : {
        "spotify" : "https://open.spotify.com/artist/1kmA3iIroiYXIQ3UY4sBhx"
      },
      "followers" : {
        "href" : null,
        "total" : 237
      },
      "genres" : [ ],
      "href" : "https://api.spotify.com/v1/artists/1kmA3iIroiYXIQ3UY4sBhx",
      "id" : "1kmA3iIroiYXIQ3UY4sBhx",
      "images" : [ ],
      "name" : "Made Famous By Eminem & Rihanna",
      "popularity" : 7,
      "type" : "artist",
      "uri" : "spotify:artist:1kmA3iIroiYXIQ3UY4sBhx"
    }, {
      "external_urls" : {
        "spotify" : "https://open.spotify.com/artist/7cw7siKBoPOMakNVRWK0tW"
      },
      "followers" : {
        "href" : null,
        "total" : 44
      },
      "genres" : [ ],
      "href" : "https://api.spotify.com/v1/artists/7cw7siKBoPOMakNVRWK0tW",
      "id" : "7cw7siKBoPOMakNVRWK0tW",
      "images" : [ ],
      "name" : "Made famous by David Guetta feat Rihanna",
      "popularity" : 0,
      "type" : "artist",
      "uri" : "spotify:artist:7cw7siKBoPOMakNVRWK0tW"
    } ],
    "limit" : 20,
    "next" : null,
    "offset" : 0,
    "previous" : null,
    "total" : 17
  }
}